Date,US_10Yr_Bond_Yield,CPI_All_Urban_Consumers,Unemployment_Rate,Industrial_Production_Index,Term_Spread,VIX
2020-11-13,0.89,,,,0.72,23.1
2020-11-16,0.91,,,,0.72,22.45
2020-11-17,0.87,,,,0.69,22.71
2020-11-18,0.88,,,,0.72,23.84
2020-11-19,0.86,,,,0.68,23.11
2020-11-20,0.83,,,,0.67,23.7
2020-11-23,0.86,,,,0.7,22.66
2020-11-24,0.88,,,,0.72,21.64
2020-11-25,0.88,,,,0.71,21.25
2020-11-26,0.88,,,,0.71,21.25
2020-11-27,0.84,,,,0.68,20.84
2020-11-30,0.84,,,,0.68,20.57
2020-12-01,0.92,262.045,6.7,98.2039,0.75,20.77
2020-12-02,0.95,262.045,6.7,98.2039,0.79,21.17
2020-12-03,0.92,262.045,6.7,98.2039,0.76,21.28
2020-12-04,0.97,262.045,6.7,98.2039,0.81,20.79
2020-12-07,0.94,262.045,6.7,98.2039,0.8,21.3
2020-12-08,0.92,262.045,6.7,98.2039,0.78,20.68
2020-12-09,0.95,262.045,6.7,98.2039,0.79,22.27
2020-12-10,0.92,262.045,6.7,98.2039,0.78,22.52
2020-12-11,0.9,262.045,6.7,98.2039,0.79,23.31
2020-12-14,0.9,262.045,6.7,98.2039,0.77,24.72
2020-12-15,0.92,262.045,6.7,98.2039,0.81,22.89
2020-12-16,0.92,262.045,6.7,98.2039,0.79,22.5
2020-12-17,0.94,262.045,6.7,98.2039,0.81,21.93
2020-12-18,0.95,262.045,6.7,98.2039,0.82,21.57
2020-12-21,0.95,262.045,6.7,98.2039,0.82,25.16
2020-12-22,0.93,262.045,6.7,98.2039,0.8,24.23
2020-12-23,0.96,262.045,6.7,98.2039,0.83,23.31
2020-12-24,0.94,262.045,6.7,98.2039,0.81,21.53
2020-12-25,0.94,262.045,6.7,98.2039,0.81,21.53
2020-12-28,0.94,262.045,6.7,98.2039,0.81,21.7
2020-12-29,0.94,262.045,6.7,98.2039,0.82,23.08
2020-12-30,0.93,262.045,6.7,98.2039,0.81,22.77
2020-12-31,0.93,262.045,6.7,98.2039,0.8,22.75
2021-01-01,0.93,262.639,6.4,98.8135,0.8,22.75
2021-01-04,0.93,262.639,6.4,98.8135,0.82,26.97
2021-01-05,0.96,262.639,6.4,98.8135,0.83,25.34
2021-01-06,1.04,262.639,6.4,98.8135,0.9,25.07
2021-01-07,1.08,262.639,6.4,98.8135,0.94,22.37
2021-01-08,1.13,262.639,6.4,98.8135,0.99,21.56
2021-01-11,1.15,262.639,6.4,98.8135,1.01,24.08
2021-01-12,1.15,262.639,6.4,98.8135,1.01,23.33
2021-01-13,1.1,262.639,6.4,98.8135,0.96,22.21
2021-01-14,1.15,262.639,6.4,98.8135,0.99,23.25
2021-01-15,1.11,262.639,6.4,98.8135,0.98,24.34
2021-01-18,1.11,262.639,6.4,98.8135,0.98,24.34
2021-01-19,1.1,262.639,6.4,98.8135,0.96,23.24
2021-01-20,1.1,262.639,6.4,98.8135,0.97,21.58
2021-01-21,1.12,262.639,6.4,98.8135,0.99,21.32
2021-01-22,1.1,262.639,6.4,98.8135,0.97,21.91
2021-01-25,1.05,262.639,6.4,98.8135,0.92,23.19
2021-01-26,1.05,262.639,6.4,98.8135,0.94,23.02
2021-01-27,1.04,262.639,6.4,98.8135,0.92,37.21
2021-01-28,1.07,262.639,6.4,98.8135,0.95,30.21
2021-01-29,1.11,262.639,6.4,98.8135,1.0,33.09
2021-02-01,1.09,263.573,6.2,95.5072,0.98,30.24
2021-02-02,1.12,263.573,6.2,95.5072,1.01,25.56
2021-02-03,1.15,263.573,6.2,95.5072,1.04,22.91
2021-02-04,1.15,263.573,6.2,95.5072,1.04,21.77
2021-02-05,1.19,263.573,6.2,95.5072,1.1,20.87
2021-02-08,1.19,263.573,6.2,95.5072,1.08,21.24
2021-02-09,1.18,263.573,6.2,95.5072,1.07,21.63
2021-02-10,1.15,263.573,6.2,95.5072,1.04,21.99
2021-02-11,1.16,263.573,6.2,95.5072,1.05,21.25
2021-02-12,1.2,263.573,6.2,95.5072,1.09,19.97
2021-02-15,1.2,263.573,6.2,95.5072,1.09,19.97
2021-02-16,1.3,263.573,6.2,95.5072,1.17,21.46
2021-02-17,1.29,263.573,6.2,95.5072,1.18,21.5
2021-02-18,1.29,263.573,6.2,95.5072,1.18,22.49
2021-02-19,1.34,263.573,6.2,95.5072,1.23,22.05
2021-02-22,1.37,263.573,6.2,95.5072,1.26,23.45
2021-02-23,1.37,263.573,6.2,95.5072,1.26,23.11
2021-02-24,1.38,263.573,6.2,95.5072,1.26,21.34
2021-02-25,1.54,263.573,6.2,95.5072,1.37,28.89
2021-02-26,1.44,263.573,6.2,95.5072,1.3,27.95
2021-03-01,1.45,264.847,6.1,98.1929,1.32,23.35
2021-03-02,1.42,264.847,6.1,98.1929,1.29,24.1
2021-03-03,1.47,264.847,6.1,98.1929,1.33,26.67
2021-03-04,1.54,264.847,6.1,98.1929,1.4,28.57
2021-03-05,1.56,264.847,6.1,98.1929,1.42,24.66
2021-03-08,1.59,264.847,6.1,98.1929,1.42,25.47
2021-03-09,1.55,264.847,6.1,98.1929,1.38,24.03
2021-03-10,1.53,264.847,6.1,98.1929,1.37,22.56
2021-03-11,1.54,264.847,6.1,98.1929,1.4,21.91
2021-03-12,1.64,264.847,6.1,98.1929,1.5,20.69
2021-03-15,1.62,264.847,6.1,98.1929,1.48,20.03
2021-03-16,1.62,264.847,6.1,98.1929,1.47,19.79
2021-03-17,1.63,264.847,6.1,98.1929,1.5,19.23
2021-03-18,1.71,264.847,6.1,98.1929,1.55,21.58
2021-03-19,1.74,264.847,6.1,98.1929,1.58,20.95
2021-03-22,1.69,264.847,6.1,98.1929,1.54,18.88
2021-03-23,1.63,264.847,6.1,98.1929,1.48,20.3
2021-03-24,1.62,264.847,6.1,98.1929,1.48,21.2
2021-03-25,1.63,264.847,6.1,98.1929,1.49,19.81
2021-03-26,1.67,264.847,6.1,98.1929,1.53,18.86
2021-03-29,1.73,264.847,6.1,98.1929,1.59,20.74
2021-03-30,1.73,264.847,6.1,98.1929,1.57,19.61
2021-03-31,1.74,264.847,6.1,98.1929,1.58,19.4
2021-04-01,1.69,266.625,6.1,98.3317,1.52,17.33
2021-04-02,1.72,266.625,6.1,98.3317,1.53,17.33
2021-04-05,1.73,266.625,6.1,98.3317,1.56,17.91
2021-04-06,1.67,266.625,6.1,98.3317,1.51,18.12
2021-04-07,1.68,266.625,6.1,98.3317,1.52,17.16
2021-04-08,1.64,266.625,6.1,98.3317,1.5,16.95
2021-04-09,1.67,266.625,6.1,98.3317,1.51,16.69
2021-04-12,1.69,266.625,6.1,98.3317,1.51,16.91
2021-04-13,1.64,266.625,6.1,98.3317,1.48,16.65
2021-04-14,1.64,266.625,6.1,98.3317,1.48,16.99
2021-04-15,1.56,266.625,6.1,98.3317,1.4,16.57
2021-04-16,1.59,266.625,6.1,98.3317,1.43,16.25
2021-04-19,1.61,266.625,6.1,98.3317,1.45,17.29
2021-04-20,1.58,266.625,6.1,98.3317,1.43,18.68
2021-04-21,1.57,266.625,6.1,98.3317,1.42,17.5
2021-04-22,1.57,266.625,6.1,98.3317,1.41,18.71
2021-04-23,1.58,266.625,6.1,98.3317,1.42,17.33
2021-04-26,1.58,266.625,6.1,98.3317,1.4,17.64
2021-04-27,1.63,266.625,6.1,98.3317,1.46,17.56
2021-04-28,1.63,266.625,6.1,98.3317,1.46,17.28
2021-04-29,1.65,266.625,6.1,98.3317,1.49,17.61
2021-04-30,1.65,266.625,6.1,98.3317,1.49,18.61
2021-05-01,1.65,268.404,5.8,99.1867,1.49,18.61
2021-05-03,1.63,268.404,5.8,99.1867,1.47,18.31
2021-05-04,1.61,268.404,5.8,99.1867,1.45,19.48
2021-05-05,1.59,268.404,5.8,99.1867,1.43,19.15
2021-05-06,1.58,268.404,5.8,99.1867,1.42,18.39
2021-05-07,1.6,268.404,5.8,99.1867,1.46,16.69
2021-05-10,1.63,268.404,5.8,99.1867,1.47,19.66
2021-05-11,1.64,268.404,5.8,99.1867,1.48,21.84
2021-05-12,1.69,268.404,5.8,99.1867,1.53,27.59
2021-05-13,1.66,268.404,5.8,99.1867,1.5,23.13
2021-05-14,1.63,268.404,5.8,99.1867,1.47,18.81
2021-05-17,1.64,268.404,5.8,99.1867,1.48,19.72
2021-05-18,1.64,268.404,5.8,99.1867,1.48,21.34
2021-05-19,1.68,268.404,5.8,99.1867,1.52,22.18
2021-05-20,1.63,268.404,5.8,99.1867,1.48,20.67
2021-05-21,1.63,268.404,5.8,99.1867,1.46,20.15
2021-05-24,1.61,268.404,5.8,99.1867,1.46,18.4
2021-05-25,1.56,268.404,5.8,99.1867,1.41,18.84
2021-05-26,1.58,268.404,5.8,99.1867,1.44,17.36
2021-05-27,1.61,268.404,5.8,99.1867,1.47,16.74
2021-05-28,1.58,268.404,5.8,99.1867,1.44,16.76
2021-05-31,1.58,268.404,5.8,99.1867,1.44,16.76
2021-06-01,1.62,270.71,5.9,99.6483,1.46,17.9
2021-06-02,1.59,270.71,5.9,99.6483,1.46,17.48
2021-06-03,1.63,270.71,5.9,99.6483,1.47,18.04
2021-06-04,1.56,270.71,5.9,99.6483,1.42,16.42
2021-06-07,1.57,270.71,5.9,99.6483,1.41,16.42
2021-06-08,1.53,270.71,5.9,99.6483,1.39,17.07
2021-06-09,1.5,270.71,5.9,99.6483,1.34,17.89
2021-06-10,1.45,270.71,5.9,99.6483,1.31,16.1
2021-06-11,1.47,270.71,5.9,99.6483,1.31,15.65
2021-06-14,1.51,270.71,5.9,99.6483,1.35,16.39
2021-06-15,1.51,270.71,5.9,99.6483,1.35,17.02
2021-06-16,1.57,270.71,5.9,99.6483,1.36,18.15
2021-06-17,1.52,270.71,5.9,99.6483,1.29,17.75
2021-06-18,1.45,270.71,5.9,99.6483,1.19,20.7
2021-06-21,1.5,270.71,5.9,99.6483,1.23,17.89
2021-06-22,1.48,270.71,5.9,99.6483,1.23,16.66
2021-06-23,1.5,270.71,5.9,99.6483,1.24,16.32
2021-06-24,1.49,270.71,5.9,99.6483,1.23,15.97
2021-06-25,1.54,270.71,5.9,99.6483,1.26,15.62
2021-06-28,1.49,270.71,5.9,99.6483,1.24,15.76
2021-06-29,1.49,270.71,5.9,99.6483,1.22,16.02
2021-06-30,1.45,270.71,5.9,99.6483,1.2,15.83
2021-07-01,1.48,271.965,5.4,100.0668,1.23,15.48
2021-07-02,1.44,271.965,5.4,100.0668,1.2,15.07
2021-07-05,1.44,271.965,5.4,100.0668,1.2,15.07
2021-07-06,1.37,271.965,5.4,100.0668,1.15,16.44
2021-07-07,1.33,271.965,5.4,100.0668,1.11,16.2
2021-07-08,1.3,271.965,5.4,100.0668,1.11,19.0
2021-07-09,1.37,271.965,5.4,100.0668,1.14,16.18
2021-07-12,1.38,271.965,5.4,100.0668,1.15,16.17
2021-07-13,1.42,271.965,5.4,100.0668,1.16,17.12
2021-07-14,1.37,271.965,5.4,100.0668,1.14,16.33
2021-07-15,1.31,271.965,5.4,100.0668,1.08,17.01
2021-07-16,1.31,271.965,5.4,100.0668,1.06,18.45
2021-07-19,1.19,271.965,5.4,100.0668,0.98,22.5
2021-07-20,1.23,271.965,5.4,100.0668,1.03,19.73
2021-07-21,1.3,271.965,5.4,100.0668,1.08,17.91
2021-07-22,1.27,271.965,5.4,100.0668,1.07,17.69
2021-07-23,1.3,271.965,5.4,100.0668,1.08,17.2
2021-07-26,1.29,271.965,5.4,100.0668,1.07,17.58
2021-07-27,1.25,271.965,5.4,100.0668,1.05,19.36
2021-07-28,1.26,271.965,5.4,100.0668,1.06,18.31
2021-07-29,1.28,271.965,5.4,100.0668,1.08,17.7
2021-07-30,1.24,271.965,5.4,100.0668,1.05,18.24
2021-08-01,1.24,272.752,5.1,100.0412,1.05,18.24
2021-08-02,1.2,272.752,5.1,100.0412,1.03,19.46
2021-08-03,1.19,272.752,5.1,100.0412,1.02,18.04
2021-08-04,1.19,272.752,5.1,100.0412,1.02,17.97
2021-08-05,1.23,272.752,5.1,100.0412,1.02,17.28
2021-08-06,1.31,272.752,5.1,100.0412,1.1,16.15
2021-08-09,1.33,272.752,5.1,100.0412,1.1,16.72
2021-08-10,1.36,272.752,5.1,100.0412,1.12,16.79
2021-08-11,1.35,272.752,5.1,100.0412,1.12,16.06
2021-08-12,1.36,272.752,5.1,100.0412,1.13,15.59
2021-08-13,1.29,272.752,5.1,100.0412,1.06,15.45
2021-08-16,1.26,272.752,5.1,100.0412,1.05,16.12
2021-08-17,1.26,272.752,5.1,100.0412,1.03,17.91
2021-08-18,1.27,272.752,5.1,100.0412,1.04,21.57
2021-08-19,1.24,272.752,5.1,100.0412,1.02,21.67
2021-08-20,1.26,272.752,5.1,100.0412,1.03,18.56
2021-08-23,1.25,272.752,5.1,100.0412,1.02,17.15
2021-08-24,1.29,272.752,5.1,100.0412,1.05,17.22
2021-08-25,1.35,272.752,5.1,100.0412,1.12,16.79
2021-08-26,1.34,272.752,5.1,100.0412,1.09,18.84
2021-08-27,1.31,272.752,5.1,100.0412,1.09,16.39
2021-08-30,1.29,272.752,5.1,100.0412,1.09,16.19
2021-08-31,1.3,272.752,5.1,100.0412,1.1,16.48
2021-09-01,1.31,273.942,4.7,98.9955,1.11,16.11
2021-09-02,1.29,273.942,4.7,98.9955,1.09,16.41
2021-09-03,1.33,273.942,4.7,98.9955,1.12,16.41
2021-09-06,1.33,273.942,4.7,98.9955,1.12,16.41
2021-09-07,1.38,273.942,4.7,98.9955,1.16,18.14
2021-09-08,1.35,273.942,4.7,98.9955,1.13,17.96
2021-09-09,1.3,273.942,4.7,98.9955,1.07,18.8
2021-09-10,1.35,273.942,4.7,98.9955,1.12,20.95
2021-09-13,1.33,273.942,4.7,98.9955,1.12,19.37
2021-09-14,1.28,273.942,4.7,98.9955,1.07,19.46
2021-09-15,1.31,273.942,4.7,98.9955,1.1,18.18
2021-09-16,1.34,273.942,4.7,98.9955,1.11,18.69
2021-09-17,1.37,273.942,4.7,98.9955,1.14,20.81
2021-09-20,1.31,273.942,4.7,98.9955,1.08,25.71
2021-09-21,1.33,273.942,4.7,98.9955,1.11,24.36
2021-09-22,1.32,273.942,4.7,98.9955,1.07,20.87
2021-09-23,1.41,273.942,4.7,98.9955,1.14,18.63
2021-09-24,1.47,273.942,4.7,98.9955,1.18,17.75
2021-09-27,1.48,273.942,4.7,98.9955,1.17,18.76
2021-09-28,1.54,273.942,4.7,98.9955,1.23,23.25
2021-09-29,1.55,273.942,4.7,98.9955,1.25,22.56
2021-09-30,1.52,273.942,4.7,98.9955,1.24,23.14
2021-10-01,1.48,276.528,4.5,100.3542,1.21,21.15
2021-10-04,1.49,276.528,4.5,100.3542,1.22,22.96
2021-10-05,1.54,276.528,4.5,100.3542,1.26,21.3
2021-10-06,1.53,276.528,4.5,100.3542,1.23,21.0
2021-10-07,1.58,276.528,4.5,100.3542,1.26,19.54
2021-10-08,1.61,276.528,4.5,100.3542,1.29,18.77
2021-10-11,1.61,276.528,4.5,100.3542,1.29,20.0
2021-10-12,1.59,276.528,4.5,100.3542,1.24,19.85
2021-10-13,1.56,276.528,4.5,100.3542,1.19,18.64
2021-10-14,1.52,276.528,4.5,100.3542,1.16,16.86
2021-10-15,1.59,276.528,4.5,100.3542,1.18,16.3
2021-10-18,1.59,276.528,4.5,100.3542,1.15,16.31
2021-10-19,1.65,276.528,4.5,100.3542,1.24,15.7
2021-10-20,1.65,276.528,4.5,100.3542,1.25,15.49
2021-10-21,1.68,276.528,4.5,100.3542,1.23,15.01
2021-10-22,1.66,276.528,4.5,100.3542,1.18,15.43
2021-10-25,1.64,276.528,4.5,100.3542,1.17,15.24
2021-10-26,1.63,276.528,4.5,100.3542,1.16,15.98
2021-10-27,1.54,276.528,4.5,100.3542,1.04,16.98
2021-10-28,1.57,276.528,4.5,100.3542,1.07,16.53
2021-10-29,1.55,276.528,4.5,100.3542,1.07,16.26
2021-11-01,1.58,278.824,4.2,101.2684,1.08,16.41
2021-11-02,1.56,278.824,4.2,101.2684,1.1,16.03
2021-11-03,1.6,278.824,4.2,101.2684,1.13,15.1
2021-11-04,1.53,278.824,4.2,101.2684,1.12,15.44
2021-11-05,1.45,278.824,4.2,101.2684,1.06,16.48
2021-11-08,1.51,278.824,4.2,101.2684,1.06,17.22
2021-11-09,1.46,278.824,4.2,101.2684,1.05,17.78
2021-11-10,1.56,278.824,4.2,101.2684,1.05,18.73
2021-11-11,1.56,278.824,4.2,101.2684,1.05,17.66
2021-11-12,1.58,278.824,4.2,101.2684,1.05,16.29
2021-11-15,1.63,278.824,4.2,101.2684,1.1,16.49
2021-11-16,1.63,278.824,4.2,101.2684,1.09,16.37
2021-11-17,1.6,278.824,4.2,101.2684,1.08,17.11
2021-11-18,1.59,278.824,4.2,101.2684,1.07,17.59
2021-11-19,1.54,278.824,4.2,101.2684,1.02,17.91
2021-11-22,1.63,278.824,4.2,101.2684,1.0,19.17
2021-11-23,1.67,278.824,4.2,101.2684,1.07,19.38
2021-11-24,1.64,278.824,4.2,101.2684,1.0,18.58
2021-11-25,1.64,278.824,4.2,101.2684,1.0,18.58
2021-11-26,1.48,278.824,4.2,101.2684,0.98,28.62
2021-11-29,1.52,278.824,4.2,101.2684,1.01,22.96
2021-11-30,1.43,278.824,4.2,101.2684,0.91,27.19
2021-12-01,1.43,280.806,3.9,101.1948,0.87,31.12
2021-12-02,1.44,280.806,3.9,101.1948,0.81,27.95
2021-12-03,1.35,280.806,3.9,101.1948,0.75,30.67
2021-12-06,1.43,280.806,3.9,101.1948,0.78,27.18
2021-12-07,1.48,280.806,3.9,101.1948,0.78,21.89
2021-12-08,1.52,280.806,3.9,101.1948,0.84,19.9
2021-12-09,1.49,280.806,3.9,101.1948,0.79,21.58
2021-12-10,1.48,280.806,3.9,101.1948,0.81,18.69
2021-12-13,1.42,280.806,3.9,101.1948,0.76,20.31
2021-12-14,1.44,280.806,3.9,101.1948,0.77,21.89
2021-12-15,1.47,280.806,3.9,101.1948,0.78,19.29
2021-12-16,1.44,280.806,3.9,101.1948,0.8,20.57
2021-12-17,1.41,280.806,3.9,101.1948,0.75,21.57
2021-12-20,1.43,280.806,3.9,101.1948,0.78,22.87
2021-12-21,1.48,280.806,3.9,101.1948,0.78,21.01
2021-12-22,1.46,280.806,3.9,101.1948,0.78,18.63
2021-12-23,1.5,280.806,3.9,101.1948,0.79,17.96
2021-12-24,1.5,280.806,3.9,101.1948,0.79,17.96
2021-12-27,1.48,280.806,3.9,101.1948,0.72,17.68
2021-12-28,1.49,280.806,3.9,101.1948,0.75,17.54
2021-12-29,1.55,280.806,3.9,101.1948,0.8,16.95
2021-12-30,1.52,280.806,3.9,101.1948,0.79,17.33
2021-12-31,1.52,280.806,3.9,101.1948,0.79,17.22
2022-01-01,1.52,282.542,4.0,101.2146,0.79,17.22
2022-01-03,1.63,282.542,4.0,101.2146,0.85,16.6
2022-01-04,1.66,282.542,4.0,101.2146,0.89,16.91
2022-01-05,1.71,282.542,4.0,101.2146,0.88,19.73
2022-01-06,1.73,282.542,4.0,101.2146,0.85,19.61
2022-01-07,1.76,282.542,4.0,101.2146,0.89,18.76
2022-01-10,1.78,282.542,4.0,101.2146,0.86,19.4
2022-01-11,1.75,282.542,4.0,101.2146,0.85,18.41
2022-01-12,1.74,282.542,4.0,101.2146,0.82,17.62
2022-01-13,1.7,282.542,4.0,101.2146,0.79,20.31
2022-01-14,1.78,282.542,4.0,101.2146,0.79,19.19
2022-01-17,1.78,282.542,4.0,101.2146,0.79,19.19
2022-01-18,1.87,282.542,4.0,101.2146,0.81,22.79
2022-01-19,1.83,282.542,4.0,101.2146,0.79,23.85
2022-01-20,1.83,282.542,4.0,101.2146,0.75,25.59
2022-01-21,1.75,282.542,4.0,101.2146,0.74,28.85
2022-01-24,1.75,282.542,4.0,101.2146,0.76,29.9
2022-01-25,1.78,282.542,4.0,101.2146,0.76,31.16
2022-01-26,1.85,282.542,4.0,101.2146,0.72,31.96
2022-01-27,1.81,282.542,4.0,101.2146,0.63,30.49
2022-01-28,1.78,282.542,4.0,101.2146,0.63,27.66
2022-01-31,1.79,282.542,4.0,101.2146,0.61,24.83
2022-02-01,1.81,284.525,3.8,101.8458,0.63,21.96
2022-02-02,1.78,284.525,3.8,101.8458,0.62,22.09
2022-02-03,1.82,284.525,3.8,101.8458,0.63,24.35
2022-02-04,1.93,284.525,3.8,101.8458,0.62,23.22
2022-02-07,1.92,284.525,3.8,101.8458,0.62,22.86
2022-02-08,1.96,284.525,3.8,101.8458,0.61,21.44
2022-02-09,1.94,284.525,3.8,101.8458,0.58,19.96
2022-02-10,2.03,284.525,3.8,101.8458,0.42,23.91
2022-02-11,1.92,284.525,3.8,101.8458,0.42,27.36
2022-02-14,1.98,284.525,3.8,101.8458,0.4,28.33
2022-02-15,2.05,284.525,3.8,101.8458,0.47,25.7
2022-02-16,2.03,284.525,3.8,101.8458,0.51,24.29
2022-02-17,1.97,284.525,3.8,101.8458,0.48,28.11
2022-02-18,1.92,284.525,3.8,101.8458,0.45,27.75
2022-02-21,1.92,284.525,3.8,101.8458,0.45,27.75
2022-02-22,1.94,284.525,3.8,101.8458,0.38,28.81
2022-02-23,1.99,284.525,3.8,101.8458,0.41,31.02
2022-02-24,1.96,284.525,3.8,101.8458,0.42,30.32
2022-02-25,1.97,284.525,3.8,101.8458,0.42,27.59
2022-02-28,1.83,284.525,3.8,101.8458,0.39,30.15
2022-03-01,1.72,287.467,3.7,102.6732,0.41,33.32
2022-03-02,1.86,287.467,3.7,102.6732,0.36,30.74
2022-03-03,1.86,287.467,3.7,102.6732,0.33,30.48
2022-03-04,1.74,287.467,3.7,102.6732,0.24,31.98
2022-03-07,1.78,287.467,3.7,102.6732,0.23,36.45
2022-03-08,1.86,287.467,3.7,102.6732,0.23,35.13
2022-03-09,1.94,287.467,3.7,102.6732,0.26,32.45
2022-03-10,1.98,287.467,3.7,102.6732,0.26,30.23
2022-03-11,2.0,287.467,3.7,102.6732,0.25,30.75
2022-03-14,2.14,287.467,3.7,102.6732,0.27,31.77
2022-03-15,2.15,287.467,3.7,102.6732,0.3,29.83
2022-03-16,2.19,287.467,3.7,102.6732,0.24,26.67
2022-03-17,2.2,287.467,3.7,102.6732,0.26,25.67
2022-03-18,2.14,287.467,3.7,102.6732,0.17,23.87
2022-03-21,2.32,287.467,3.7,102.6732,0.18,23.53
2022-03-22,2.38,287.467,3.7,102.6732,0.2,22.94
2022-03-23,2.32,287.467,3.7,102.6732,0.19,23.57
2022-03-24,2.34,287.467,3.7,102.6732,0.21,21.67
2022-03-25,2.48,287.467,3.7,102.6732,0.18,20.81
2022-03-28,2.46,287.467,3.7,102.6732,0.11,19.63
2022-03-29,2.41,287.467,3.7,102.6732,0.06,18.9
2022-03-30,2.35,287.467,3.7,102.6732,0.04,19.33
2022-03-31,2.32,287.467,3.7,102.6732,0.04,20.56
2022-04-01,2.39,288.582,3.7,102.9024,-0.05,19.63
2022-04-04,2.42,288.582,3.7,102.9024,-0.01,18.57
2022-04-05,2.54,288.582,3.7,102.9024,0.03,21.03
2022-04-06,2.61,288.582,3.7,102.9024,0.11,22.1
2022-04-07,2.66,288.582,3.7,102.9024,0.19,21.55
2022-04-08,2.72,288.582,3.7,102.9024,0.19,21.16
2022-04-11,2.79,288.582,3.7,102.9024,0.29,24.37
2022-04-12,2.72,288.582,3.7,102.9024,0.33,24.26
2022-04-13,2.7,288.582,3.7,102.9024,0.33,21.82
2022-04-14,2.83,288.582,3.7,102.9024,0.36,22.7
2022-04-15,2.83,288.582,3.7,102.9024,0.36,22.7
2022-04-18,2.85,288.582,3.7,102.9024,0.39,22.17
2022-04-19,2.93,288.582,3.7,102.9024,0.32,21.37
2022-04-20,2.85,288.582,3.7,102.9024,0.25,20.32
2022-04-21,2.9,288.582,3.7,102.9024,0.22,22.68
2022-04-22,2.9,288.582,3.7,102.9024,0.18,28.21
2022-04-25,2.81,288.582,3.7,102.9024,0.18,27.02
2022-04-26,2.77,288.582,3.7,102.9024,0.23,33.52
2022-04-27,2.82,288.582,3.7,102.9024,0.24,31.6
2022-04-28,2.85,288.582,3.7,102.9024,0.22,29.99
2022-04-29,2.89,288.582,3.7,102.9024,0.19,33.4
2022-05-01,2.89,291.299,3.6,102.9659,0.19,33.4
2022-05-02,2.99,291.299,3.6,102.9659,0.26,32.34
2022-05-03,2.97,291.299,3.6,102.9659,0.19,29.25
2022-05-04,2.93,291.299,3.6,102.9659,0.27,25.42
2022-05-05,3.05,291.299,3.6,102.9659,0.34,31.2
2022-05-06,3.12,291.299,3.6,102.9659,0.4,30.19
2022-05-09,3.05,291.299,3.6,102.9659,0.44,34.75
2022-05-10,2.99,291.299,3.6,102.9659,0.37,32.99
2022-05-11,2.91,291.299,3.6,102.9659,0.25,32.56
2022-05-12,2.84,291.299,3.6,102.9659,0.28,31.77
2022-05-13,2.93,291.299,3.6,102.9659,0.32,28.87
2022-05-16,2.88,291.299,3.6,102.9659,0.3,27.47
2022-05-17,2.98,291.299,3.6,102.9659,0.27,26.1
2022-05-18,2.89,291.299,3.6,102.9659,0.21,30.96
2022-05-19,2.84,291.299,3.6,102.9659,0.21,29.35
2022-05-20,2.78,291.299,3.6,102.9659,0.18,29.43
2022-05-23,2.86,291.299,3.6,102.9659,0.21,28.48
2022-05-24,2.76,291.299,3.6,102.9659,0.26,29.45
2022-05-25,2.75,291.299,3.6,102.9659,0.27,28.37
2022-05-26,2.75,291.299,3.6,102.9659,0.29,27.5
2022-05-27,2.74,291.299,3.6,102.9659,0.27,25.72
2022-05-30,2.74,291.299,3.6,102.9659,0.27,26.54
2022-05-31,2.85,291.299,3.6,102.9659,0.32,26.19
2022-06-01,2.94,295.072,3.6,102.8224,0.28,25.69
2022-06-02,2.92,295.072,3.6,102.8224,0.27,24.72
2022-06-03,2.96,295.072,3.6,102.8224,0.3,24.79
2022-06-06,3.04,295.072,3.6,102.8224,0.31,25.07
2022-06-07,2.98,295.072,3.6,102.8224,0.23,24.02
2022-06-08,3.03,295.072,3.6,102.8224,0.25,23.96
2022-06-09,3.04,295.072,3.6,102.8224,0.21,26.09
2022-06-10,3.15,295.072,3.6,102.8224,0.09,27.75
2022-06-13,3.43,295.072,3.6,102.8224,0.03,34.02
2022-06-14,3.49,295.072,3.6,102.8224,0.04,32.69
2022-06-15,3.33,295.072,3.6,102.8224,0.13,29.62
2022-06-16,3.28,295.072,3.6,102.8224,0.14,32.95
2022-06-17,3.25,295.072,3.6,102.8224,0.08,31.13
2022-06-20,3.25,295.072,3.6,102.8224,0.08,31.03
2022-06-21,3.31,295.072,3.6,102.8224,0.1,30.19
2022-06-22,3.16,295.072,3.6,102.8224,0.1,28.95
2022-06-23,3.09,295.072,3.6,102.8224,0.08,29.05
2022-06-24,3.13,295.072,3.6,102.8224,0.09,27.23
2022-06-27,3.2,295.072,3.6,102.8224,0.12,26.95
2022-06-28,3.2,295.072,3.6,102.8224,0.1,28.36
2022-06-29,3.1,295.072,3.6,102.8224,0.04,28.16
2022-06-30,2.98,295.072,3.6,102.8224,0.06,28.71
2022-07-01,2.88,294.94,3.5,103.0505,0.04,26.7
2022-07-04,2.88,294.94,3.5,103.0505,0.04,27.53
2022-07-05,2.82,294.94,3.5,103.0505,0.0,27.54
2022-07-06,2.93,294.94,3.5,103.0505,-0.04,26.73
2022-07-07,3.01,294.94,3.5,103.0505,-0.02,26.08
2022-07-08,3.09,294.94,3.5,103.0505,-0.03,24.64
2022-07-11,2.99,294.94,3.5,103.0505,-0.08,26.17
2022-07-12,2.96,294.94,3.5,103.0505,-0.07,27.29
2022-07-13,2.91,294.94,3.5,103.0505,-0.22,26.82
2022-07-14,2.96,294.94,3.5,103.0505,-0.19,26.4
2022-07-15,2.93,294.94,3.5,103.0505,-0.2,24.23
2022-07-18,2.96,294.94,3.5,103.0505,-0.19,25.3
2022-07-19,3.01,294.94,3.5,103.0505,-0.22,24.5
2022-07-20,3.04,294.94,3.5,103.0505,-0.21,23.88
2022-07-21,2.91,294.94,3.5,103.0505,-0.19,23.11
2022-07-22,2.77,294.94,3.5,103.0505,-0.21,23.03
2022-07-25,2.81,294.94,3.5,103.0505,-0.19,23.36
2022-07-26,2.81,294.94,3.5,103.0505,-0.21,24.69
2022-07-27,2.78,294.94,3.5,103.0505,-0.18,23.24
2022-07-28,2.68,294.94,3.5,103.0505,-0.17,22.33
2022-07-29,2.67,294.94,3.5,103.0505,-0.22,21.33
2022-08-01,2.6,295.162,3.6,103.1703,-0.3,22.84
2022-08-02,2.75,295.162,3.6,103.1703,-0.31,23.93
2022-08-03,2.73,295.162,3.6,103.1703,-0.37,21.95
2022-08-04,2.68,295.162,3.6,103.1703,-0.35,21.44
2022-08-05,2.83,295.162,3.6,103.1703,-0.41,21.15
2022-08-08,2.77,295.162,3.6,103.1703,-0.44,21.29
2022-08-09,2.8,295.162,3.6,103.1703,-0.48,21.77
2022-08-10,2.78,295.162,3.6,103.1703,-0.45,19.74
2022-08-11,2.87,295.162,3.6,103.1703,-0.36,20.2
2022-08-12,2.84,295.162,3.6,103.1703,-0.41,19.53
2022-08-15,2.79,295.162,3.6,103.1703,-0.41,19.95
2022-08-16,2.82,295.162,3.6,103.1703,-0.43,19.69
2022-08-17,2.89,295.162,3.6,103.1703,-0.39,19.9
2022-08-18,2.88,295.162,3.6,103.1703,-0.34,19.56
2022-08-19,2.98,295.162,3.6,103.1703,-0.27,20.6
2022-08-22,3.03,295.162,3.6,103.1703,-0.29,23.8
2022-08-23,3.05,295.162,3.6,103.1703,-0.24,24.11
2022-08-24,3.11,295.162,3.6,103.1703,-0.25,22.82
2022-08-25,3.03,295.162,3.6,103.1703,-0.32,21.78
2022-08-26,3.04,295.162,3.6,103.1703,-0.33,25.56
2022-08-29,3.12,295.162,3.6,103.1703,-0.3,26.21
2022-08-30,3.11,295.162,3.6,103.1703,-0.35,26.21
2022-08-31,3.15,295.162,3.6,103.1703,-0.3,25.87
2022-09-01,3.26,296.421,3.5,103.5326,-0.25,25.56
2022-09-02,3.2,296.421,3.5,103.5326,-0.2,25.47
2022-09-05,3.2,296.421,3.5,103.5326,-0.2,25.99
2022-09-06,3.33,296.421,3.5,103.5326,-0.17,26.91
2022-09-07,3.27,296.421,3.5,103.5326,-0.18,24.64
2022-09-08,3.29,296.421,3.5,103.5326,-0.19,23.61
2022-09-09,3.33,296.421,3.5,103.5326,-0.23,22.79
2022-09-12,3.37,296.421,3.5,103.5326,-0.21,23.87
2022-09-13,3.42,296.421,3.5,103.5326,-0.33,27.27
2022-09-14,3.41,296.421,3.5,103.5326,-0.37,26.16
2022-09-15,3.45,296.421,3.5,103.5326,-0.42,26.27
2022-09-16,3.45,296.421,3.5,103.5326,-0.4,26.3
2022-09-19,3.49,296.421,3.5,103.5326,-0.46,25.76
2022-09-20,3.57,296.421,3.5,103.5326,-0.39,27.16
2022-09-21,3.51,296.421,3.5,103.5326,-0.51,27.99
2022-09-22,3.7,296.421,3.5,103.5326,-0.41,27.35
2022-09-23,3.69,296.421,3.5,103.5326,-0.51,29.92
2022-09-26,3.88,296.421,3.5,103.5326,-0.39,32.26
2022-09-27,3.97,296.421,3.5,103.5326,-0.33,32.6
2022-09-28,3.72,296.421,3.5,103.5326,-0.35,30.18
2022-09-29,3.76,296.421,3.5,103.5326,-0.4,31.84
2022-09-30,3.83,296.421,3.5,103.5326,-0.39,31.62
2022-10-01,3.83,297.979,3.6,103.4442,-0.39,31.62
2022-10-03,3.67,297.979,3.6,103.4442,-0.45,30.1
2022-10-04,3.62,297.979,3.6,103.4442,-0.48,29.07
2022-10-05,3.76,297.979,3.6,103.4442,-0.39,28.55
2022-10-06,3.83,297.979,3.6,103.4442,-0.4,30.52
2022-10-07,3.89,297.979,3.6,103.4442,-0.41,31.36
2022-10-10,3.89,297.979,3.6,103.4442,-0.41,32.45
2022-10-11,3.93,297.979,3.6,103.4442,-0.37,33.63
2022-10-12,3.91,297.979,3.6,103.4442,-0.37,33.57
2022-10-13,3.97,297.979,3.6,103.4442,-0.5,31.94
2022-10-14,4.0,297.979,3.6,103.4442,-0.48,32.02
2022-10-17,4.02,297.979,3.6,103.4442,-0.43,31.37
2022-10-18,4.01,297.979,3.6,103.4442,-0.42,30.5
2022-10-19,4.14,297.979,3.6,103.4442,-0.41,30.76
2022-10-20,4.24,297.979,3.6,103.4442,-0.38,29.98
2022-10-21,4.21,297.979,3.6,103.4442,-0.28,29.69
2022-10-24,4.25,297.979,3.6,103.4442,-0.25,29.85
2022-10-25,4.1,297.979,3.6,103.4442,-0.32,28.46
2022-10-26,4.04,297.979,3.6,103.4442,-0.35,27.28
2022-10-27,3.96,297.979,3.6,103.4442,-0.34,27.39
2022-10-28,4.02,297.979,3.6,103.4442,-0.39,25.75
2022-10-31,4.1,297.979,3.6,103.4442,-0.41,25.88
2022-11-01,4.07,298.708,3.6,103.1058,-0.47,25.81
2022-11-02,4.1,298.708,3.6,103.1058,-0.51,25.86
2022-11-03,4.14,298.708,3.6,103.1058,-0.57,25.3
2022-11-04,4.17,298.708,3.6,103.1058,-0.49,24.55
2022-11-07,4.22,298.708,3.6,103.1058,-0.5,24.35
2022-11-08,4.14,298.708,3.6,103.1058,-0.53,25.54
2022-11-09,4.12,298.708,3.6,103.1058,-0.49,26.09
2022-11-10,3.82,298.708,3.6,103.1058,-0.52,23.53
2022-11-11,3.82,298.708,3.6,103.1058,-0.52,22.52
2022-11-14,3.88,298.708,3.6,103.1058,-0.52,23.73
2022-11-15,3.8,298.708,3.6,103.1058,-0.57,24.54
2022-11-16,3.67,298.708,3.6,103.1058,-0.68,24.11
2022-11-17,3.77,298.708,3.6,103.1058,-0.66,23.93
2022-11-18,3.82,298.708,3.6,103.1058,-0.69,23.12
2022-11-21,3.83,298.708,3.6,103.1058,-0.65,22.36
2022-11-22,3.76,298.708,3.6,103.1058,-0.71,21.29
2022-11-23,3.71,298.708,3.6,103.1058,-0.75,20.35
2022-11-24,3.71,298.708,3.6,103.1058,-0.75,20.42
2022-11-25,3.68,298.708,3.6,103.1058,-0.74,20.5
2022-11-28,3.69,298.708,3.6,103.1058,-0.77,22.21
2022-11-29,3.75,298.708,3.6,103.1058,-0.73,21.89
2022-11-30,3.68,298.708,3.6,103.1058,-0.7,20.58
2022-12-01,3.53,298.808,3.5,101.8266,-0.72,19.84
2022-12-02,3.51,298.808,3.5,101.8266,-0.77,19.06
2022-12-05,3.6,298.808,3.5,101.8266,-0.81,20.75
2022-12-06,3.51,298.808,3.5,101.8266,-0.83,22.17
2022-12-07,3.42,298.808,3.5,101.8266,-0.84,22.68
2022-12-08,3.48,298.808,3.5,101.8266,-0.83,22.29
2022-12-09,3.57,298.808,3.5,101.8266,-0.76,22.83
2022-12-12,3.61,298.808,3.5,101.8266,-0.78,25.0
2022-12-13,3.51,298.808,3.5,101.8266,-0.71,22.55
2022-12-14,3.49,298.808,3.5,101.8266,-0.74,21.14
2022-12-15,3.44,298.808,3.5,101.8266,-0.79,22.83
2022-12-16,3.48,298.808,3.5,101.8266,-0.69,22.62
2022-12-19,3.57,298.808,3.5,101.8266,-0.68,22.42
2022-12-20,3.69,298.808,3.5,101.8266,-0.56,21.48
2022-12-21,3.68,298.808,3.5,101.8266,-0.53,20.07
2022-12-22,3.67,298.808,3.5,101.8266,-0.57,21.97
2022-12-23,3.75,298.808,3.5,101.8266,-0.56,20.87
2022-12-26,3.75,298.808,3.5,101.8266,-0.56,20.87
2022-12-27,3.84,298.808,3.5,101.8266,-0.48,21.65
2022-12-28,3.88,298.808,3.5,101.8266,-0.43,22.14
2022-12-29,3.83,298.808,3.5,101.8266,-0.51,21.44
2022-12-30,3.88,298.808,3.5,101.8266,-0.53,21.67
2023-01-01,3.88,300.456,3.5,102.7476,-0.53,21.67
2023-01-02,3.88,300.456,3.5,102.7476,-0.53,21.67
2023-01-03,3.79,300.456,3.5,102.7476,-0.61,22.9
2023-01-04,3.69,300.456,3.5,102.7476,-0.67,22.01
2023-01-05,3.71,300.456,3.5,102.7476,-0.74,22.46
2023-01-06,3.55,300.456,3.5,102.7476,-0.69,21.13
2023-01-09,3.53,300.456,3.5,102.7476,-0.66,21.97
2023-01-10,3.61,300.456,3.5,102.7476,-0.63,20.58
2023-01-11,3.54,300.456,3.5,102.7476,-0.66,21.09
2023-01-12,3.43,300.456,3.5,102.7476,-0.69,18.83
2023-01-13,3.49,300.456,3.5,102.7476,-0.73,18.35
2023-01-16,3.49,300.456,3.5,102.7476,-0.73,19.49
2023-01-17,3.53,300.456,3.5,102.7476,-0.65,19.36
2023-01-18,3.37,300.456,3.5,102.7476,-0.69,20.34
2023-01-19,3.39,300.456,3.5,102.7476,-0.7,20.52
2023-01-20,3.48,300.456,3.5,102.7476,-0.66,19.85
2023-01-23,3.52,300.456,3.5,102.7476,-0.69,19.81
2023-01-24,3.46,300.456,3.5,102.7476,-0.66,19.2
2023-01-25,3.46,300.456,3.5,102.7476,-0.65,19.08
2023-01-26,3.49,300.456,3.5,102.7476,-0.68,18.73
2023-01-27,3.52,300.456,3.5,102.7476,-0.67,18.51
2023-01-30,3.55,300.456,3.5,102.7476,-0.7,19.94
2023-01-31,3.52,300.456,3.5,102.7476,-0.69,19.4
2023-02-01,3.39,301.476,3.6,102.8003,-0.7,17.87
2023-02-02,3.4,301.476,3.6,102.8003,-0.69,18.73
2023-02-03,3.53,301.476,3.6,102.8003,-0.77,18.33
2023-02-06,3.63,301.476,3.6,102.8003,-0.81,19.43
2023-02-07,3.67,301.476,3.6,102.8003,-0.8,18.66
2023-02-08,3.63,301.476,3.6,102.8003,-0.82,19.63
2023-02-09,3.67,301.476,3.6,102.8003,-0.81,20.71
2023-02-10,3.74,301.476,3.6,102.8003,-0.76,20.53
2023-02-13,3.72,301.476,3.6,102.8003,-0.8,20.34
2023-02-14,3.77,301.476,3.6,102.8003,-0.83,18.91
2023-02-15,3.81,301.476,3.6,102.8003,-0.81,18.23
2023-02-16,3.86,301.476,3.6,102.8003,-0.76,20.17
2023-02-17,3.82,301.476,3.6,102.8003,-0.78,20.02
2023-02-20,3.82,301.476,3.6,102.8003,-0.78,21.23
2023-02-21,3.95,301.476,3.6,102.8003,-0.72,22.87
2023-02-22,3.93,301.476,3.6,102.8003,-0.73,22.29
2023-02-23,3.88,301.476,3.6,102.8003,-0.78,21.14
2023-02-24,3.95,301.476,3.6,102.8003,-0.83,21.67
2023-02-27,3.92,301.476,3.6,102.8003,-0.86,20.95
2023-02-28,3.92,301.476,3.6,102.8003,-0.89,20.7
2023-03-01,4.01,301.643,3.5,102.8143,-0.88,20.58
2023-03-02,4.08,301.643,3.5,102.8143,-0.81,19.59
2023-03-03,3.97,301.643,3.5,102.8143,-0.89,18.49
2023-03-06,3.98,301.643,3.5,102.8143,-0.91,18.61
2023-03-07,3.97,301.643,3.5,102.8143,-1.03,19.59
2023-03-08,3.98,301.643,3.5,102.8143,-1.07,19.11
2023-03-09,3.93,301.643,3.5,102.8143,-0.97,22.61
2023-03-10,3.7,301.643,3.5,102.8143,-0.9,24.8
2023-03-13,3.55,301.643,3.5,102.8143,-0.48,26.52
2023-03-14,3.64,301.643,3.5,102.8143,-0.56,23.73
2023-03-15,3.51,301.643,3.5,102.8143,-0.42,26.14
2023-03-16,3.56,301.643,3.5,102.8143,-0.58,22.99
2023-03-17,3.39,301.643,3.5,102.8143,-0.42,25.51
2023-03-20,3.47,301.643,3.5,102.8143,-0.45,24.15
2023-03-21,3.59,301.643,3.5,102.8143,-0.58,21.38
2023-03-22,3.48,301.643,3.5,102.8143,-0.48,22.26
2023-03-23,3.38,301.643,3.5,102.8143,-0.38,22.61
2023-03-24,3.38,301.643,3.5,102.8143,-0.38,21.74
2023-03-27,3.53,301.643,3.5,102.8143,-0.41,20.6
2023-03-28,3.55,301.643,3.5,102.8143,-0.47,19.97
2023-03-29,3.57,301.643,3.5,102.8143,-0.51,19.12
2023-03-30,3.55,301.643,3.5,102.8143,-0.55,19.02
2023-03-31,3.48,301.643,3.5,102.8143,-0.58,18.7
2023-04-01,3.48,302.858,3.4,103.2241,-0.58,18.7
2023-04-03,3.43,302.858,3.4,103.2241,-0.54,18.55
2023-04-04,3.35,302.858,3.4,103.2241,-0.49,19.0
2023-04-05,3.3,302.858,3.4,103.2241,-0.49,19.08
2023-04-06,3.3,302.858,3.4,103.2241,-0.52,18.4
2023-04-07,3.39,302.858,3.4,103.2241,-0.58,18.4
2023-04-10,3.41,302.858,3.4,103.2241,-0.59,18.97
2023-04-11,3.43,302.858,3.4,103.2241,-0.6,19.1
2023-04-12,3.41,302.858,3.4,103.2241,-0.54,19.09
2023-04-13,3.45,302.858,3.4,103.2241,-0.51,17.8
2023-04-14,3.52,302.858,3.4,103.2241,-0.56,17.07
2023-04-17,3.6,302.858,3.4,103.2241,-0.58,16.95
2023-04-18,3.58,302.858,3.4,103.2241,-0.61,16.83
2023-04-19,3.6,302.858,3.4,103.2241,-0.64,16.46
2023-04-20,3.54,302.858,3.4,103.2241,-0.6,17.17
2023-04-21,3.57,302.858,3.4,103.2241,-0.6,16.77
2023-04-24,3.52,302.858,3.4,103.2241,-0.6,16.89
2023-04-25,3.4,302.858,3.4,103.2241,-0.46,18.76
2023-04-26,3.43,302.858,3.4,103.2241,-0.47,18.84
2023-04-27,3.53,302.858,3.4,103.2241,-0.54,17.03
2023-04-28,3.44,302.858,3.4,103.2241,-0.6,15.78
2023-05-01,3.59,303.316,3.6,102.9809,-0.55,16.08
2023-05-02,3.44,303.316,3.6,102.9809,-0.53,17.78
2023-05-03,3.38,303.316,3.6,102.9809,-0.51,18.34
2023-05-04,3.37,303.316,3.6,102.9809,-0.38,20.09
2023-05-05,3.44,303.316,3.6,102.9809,-0.48,17.19
2023-05-08,3.52,303.316,3.6,102.9809,-0.48,16.98
2023-05-09,3.53,303.316,3.6,102.9809,-0.48,17.71
2023-05-10,3.43,303.316,3.6,102.9809,-0.47,16.94
2023-05-11,3.39,303.316,3.6,102.9809,-0.5,16.93
2023-05-12,3.46,303.316,3.6,102.9809,-0.52,17.03
2023-05-15,3.5,303.316,3.6,102.9809,-0.49,17.12
2023-05-16,3.54,303.316,3.6,102.9809,-0.52,17.99
2023-05-17,3.57,303.316,3.6,102.9809,-0.55,16.87
2023-05-18,3.65,303.316,3.6,102.9809,-0.59,16.05
2023-05-19,3.7,303.316,3.6,102.9809,-0.58,16.81
2023-05-22,3.72,303.316,3.6,102.9809,-0.57,17.21
2023-05-23,3.7,303.316,3.6,102.9809,-0.56,18.53
2023-05-24,3.73,303.316,3.6,102.9809,-0.58,20.03
2023-05-25,3.83,303.316,3.6,102.9809,-0.67,19.14
2023-05-26,3.8,303.316,3.6,102.9809,-0.74,17.95
2023-05-29,3.8,303.316,3.6,102.9809,-0.74,17.46
2023-05-30,3.69,303.316,3.6,102.9809,-0.77,17.46
2023-05-31,3.64,303.316,3.6,102.9809,-0.76,17.94
2023-06-01,3.61,304.099,3.6,102.3809,-0.72,15.65
2023-06-02,3.69,304.099,3.6,102.3809,-0.81,14.6
2023-06-05,3.69,304.099,3.6,102.3809,-0.77,14.73
2023-06-06,3.7,304.099,3.6,102.3809,-0.81,13.96
2023-06-07,3.79,304.099,3.6,102.3809,-0.77,13.94
2023-06-08,3.73,304.099,3.6,102.3809,-0.79,13.65
2023-06-09,3.75,304.099,3.6,102.3809,-0.84,13.83
2023-06-12,3.73,304.099,3.6,102.3809,-0.82,15.01
2023-06-13,3.84,304.099,3.6,102.3809,-0.83,14.61
2023-06-14,3.83,304.099,3.6,102.3809,-0.91,13.88
2023-06-15,3.72,304.099,3.6,102.3809,-0.9,14.5
2023-06-16,3.77,304.099,3.6,102.3809,-0.93,13.54
2023-06-19,3.77,304.099,3.6,102.3809,-0.93,14.19
2023-06-20,3.74,304.099,3.6,102.3809,-0.94,13.88
2023-06-21,3.72,304.099,3.6,102.3809,-0.96,13.2
2023-06-22,3.8,304.099,3.6,102.3809,-0.97,12.91
2023-06-23,3.74,304.099,3.6,102.3809,-0.97,13.44
2023-06-26,3.72,304.099,3.6,102.3809,-0.93,14.25
2023-06-27,3.77,304.099,3.6,102.3809,-0.97,13.74
2023-06-28,3.71,304.099,3.6,102.3809,-1.0,13.43
2023-06-29,3.85,304.099,3.6,102.3809,-1.02,13.54
2023-06-30,3.81,304.099,3.6,102.3809,-1.06,13.59
2023-07-01,3.81,304.615,3.5,103.0722,-1.06,13.59
2023-07-03,3.86,304.615,3.5,103.0722,-1.08,13.57
2023-07-04,3.86,304.615,3.5,103.0722,-1.08,13.7
2023-07-05,3.95,304.615,3.5,103.0722,-0.99,14.18
2023-07-06,4.05,304.615,3.5,103.0722,-0.94,15.44
2023-07-07,4.06,304.615,3.5,103.0722,-0.88,14.83
2023-07-10,4.01,304.615,3.5,103.0722,-0.84,15.07
2023-07-11,3.99,304.615,3.5,103.0722,-0.89,14.84
2023-07-12,3.86,304.615,3.5,103.0722,-0.86,13.54
2023-07-13,3.76,304.615,3.5,103.0722,-0.83,13.61
2023-07-14,3.83,304.615,3.5,103.0722,-0.91,13.34
2023-07-17,3.81,304.615,3.5,103.0722,-0.93,13.48
2023-07-18,3.8,304.615,3.5,103.0722,-0.94,13.3
2023-07-19,3.75,304.615,3.5,103.0722,-0.99,13.76
2023-07-20,3.85,304.615,3.5,103.0722,-0.95,13.99
2023-07-21,3.84,304.615,3.5,103.0722,-0.98,13.6
2023-07-24,3.86,304.615,3.5,103.0722,-0.95,13.91
2023-07-25,3.91,304.615,3.5,103.0722,-0.94,13.86
2023-07-26,3.86,304.615,3.5,103.0722,-0.96,13.19
2023-07-27,4.01,304.615,3.5,103.0722,-0.9,14.41
2023-07-28,3.96,304.615,3.5,103.0722,-0.91,13.33
2023-07-31,3.97,304.615,3.5,103.0722,-0.91,13.63
2023-08-01,4.05,306.138,3.7,103.0951,-0.87,13.93
2023-08-02,4.08,306.138,3.7,103.0951,-0.8,16.09
2023-08-03,4.2,306.138,3.7,103.0951,-0.7,15.92
2023-08-04,4.05,306.138,3.7,103.0951,-0.73,17.1
2023-08-07,4.09,306.138,3.7,103.0951,-0.67,15.77
2023-08-08,4.02,306.138,3.7,103.0951,-0.72,15.99
2023-08-09,4.0,306.138,3.7,103.0951,-0.79,15.96
2023-08-10,4.09,306.138,3.7,103.0951,-0.73,15.85
2023-08-11,4.16,306.138,3.7,103.0951,-0.73,14.84
2023-08-14,4.19,306.138,3.7,103.0951,-0.77,14.82
2023-08-15,4.21,306.138,3.7,103.0951,-0.71,16.46
2023-08-16,4.28,306.138,3.7,103.0951,-0.69,16.78
2023-08-17,4.3,306.138,3.7,103.0951,-0.64,17.89
2023-08-18,4.26,306.138,3.7,103.0951,-0.66,17.3
2023-08-21,4.34,306.138,3.7,103.0951,-0.63,17.13
2023-08-22,4.34,306.138,3.7,103.0951,-0.68,16.97
2023-08-23,4.19,306.138,3.7,103.0951,-0.76,15.98
2023-08-24,4.23,306.138,3.7,103.0951,-0.75,17.2
2023-08-25,4.25,306.138,3.7,103.0951,-0.78,15.68
2023-08-28,4.2,306.138,3.7,103.0951,-0.78,15.08
2023-08-29,4.12,306.138,3.7,103.0951,-0.75,14.45
2023-08-30,4.12,306.138,3.7,103.0951,-0.78,13.88
2023-08-31,4.09,306.138,3.7,103.0951,-0.76,13.57
2023-09-01,4.18,307.374,3.8,103.3081,-0.69,13.09
2023-09-04,4.18,307.374,3.8,103.3081,-0.69,13.82
2023-09-05,4.27,307.374,3.8,103.3081,-0.67,14.01
2023-09-06,4.3,307.374,3.8,103.3081,-0.71,14.45
2023-09-07,4.27,307.374,3.8,103.3081,-0.67,14.4
2023-09-08,4.26,307.374,3.8,103.3081,-0.72,13.84
2023-09-11,4.29,307.374,3.8,103.3081,-0.68,13.8
2023-09-12,4.27,307.374,3.8,103.3081,-0.71,14.23
2023-09-13,4.25,307.374,3.8,103.3081,-0.71,13.48
2023-09-14,4.29,307.374,3.8,103.3081,-0.71,12.82
2023-09-15,4.33,307.374,3.8,103.3081,-0.69,13.79
2023-09-18,4.32,307.374,3.8,103.3081,-0.73,14.0
2023-09-19,4.37,307.374,3.8,103.3081,-0.71,14.11
2023-09-20,4.35,307.374,3.8,103.3081,-0.77,15.14
2023-09-21,4.49,307.374,3.8,103.3081,-0.63,17.54
2023-09-22,4.44,307.374,3.8,103.3081,-0.66,17.2
2023-09-25,4.55,307.374,3.8,103.3081,-0.54,16.9
2023-09-26,4.56,307.374,3.8,103.3081,-0.48,18.94
2023-09-27,4.61,307.374,3.8,103.3081,-0.49,18.22
2023-09-28,4.59,307.374,3.8,103.3081,-0.45,17.34
2023-09-29,4.59,307.374,3.8,103.3081,-0.44,17.52
2023-10-01,4.59,307.653,3.9,102.5781,-0.44,17.52
2023-10-02,4.69,307.653,3.9,102.5781,-0.43,17.61
2023-10-03,4.81,307.653,3.9,102.5781,-0.34,19.78
2023-10-04,4.73,307.653,3.9,102.5781,-0.32,18.58
2023-10-05,4.72,307.653,3.9,102.5781,-0.31,18.49
2023-10-06,4.78,307.653,3.9,102.5781,-0.3,17.45
2023-10-09,4.78,307.653,3.9,102.5781,-0.3,17.7
2023-10-10,4.66,307.653,3.9,102.5781,-0.3,17.03
2023-10-11,4.58,307.653,3.9,102.5781,-0.41,16.09
2023-10-12,4.7,307.653,3.9,102.5781,-0.36,16.69
2023-10-13,4.63,307.653,3.9,102.5781,-0.41,19.32
2023-10-16,4.71,307.653,3.9,102.5781,-0.38,17.21
2023-10-17,4.83,307.653,3.9,102.5781,-0.36,17.88
2023-10-18,4.91,307.653,3.9,102.5781,-0.28,19.22
2023-10-19,4.98,307.653,3.9,102.5781,-0.16,21.4
2023-10-20,4.93,307.653,3.9,102.5781,-0.14,21.71
2023-10-23,4.86,307.653,3.9,102.5781,-0.19,20.37
2023-10-24,4.83,307.653,3.9,102.5781,-0.19,18.97
2023-10-25,4.95,307.653,3.9,102.5781,-0.13,20.19
2023-10-26,4.86,307.653,3.9,102.5781,-0.16,20.68
2023-10-27,4.84,307.653,3.9,102.5781,-0.15,21.27
2023-10-30,4.88,307.653,3.9,102.5781,-0.15,19.75
2023-10-31,4.88,307.653,3.9,102.5781,-0.19,18.14
2023-11-01,4.77,308.087,3.7,102.8868,-0.18,16.87
2023-11-02,4.67,308.087,3.7,102.8868,-0.31,15.66
2023-11-03,4.57,308.087,3.7,102.8868,-0.26,14.91
2023-11-06,4.67,308.087,3.7,102.8868,-0.26,14.89
2023-11-07,4.58,308.087,3.7,102.8868,-0.33,14.81
2023-11-08,4.49,308.087,3.7,102.8868,-0.44,14.45
2023-11-09,4.62,308.087,3.7,102.8868,-0.41,15.29
2023-11-10,4.61,308.087,3.7,102.8868,-0.43,14.17
2023-11-13,4.63,308.087,3.7,102.8868,-0.39,14.76
2023-11-14,4.44,308.087,3.7,102.8868,-0.36,14.16
2023-11-15,4.53,308.087,3.7,102.8868,-0.37,14.18
2023-11-16,4.45,308.087,3.7,102.8868,-0.38,14.32
2023-11-17,4.44,308.087,3.7,102.8868,-0.44,13.8
2023-11-20,4.42,308.087,3.7,102.8868,-0.47,13.41
2023-11-21,4.41,308.087,3.7,102.8868,-0.45,13.35
2023-11-22,4.42,308.087,3.7,102.8868,-0.47,12.85
2023-11-23,4.42,308.087,3.7,102.8868,-0.47,12.8
2023-11-24,4.47,308.087,3.7,102.8868,-0.45,12.46
2023-11-27,4.39,308.087,3.7,102.8868,-0.45,12.69
2023-11-28,4.34,308.087,3.7,102.8868,-0.39,12.69
2023-11-29,4.27,308.087,3.7,102.8868,-0.37,12.98
2023-11-30,4.37,308.087,3.7,102.8868,-0.36,12.92
2023-12-01,4.22,308.735,3.8,102.6309,-0.34,12.63
2023-12-04,4.28,308.735,3.8,102.6309,-0.36,13.08
2023-12-05,4.18,308.735,3.8,102.6309,-0.39,12.85
2023-12-06,4.12,308.735,3.8,102.6309,-0.48,12.97
2023-12-07,4.14,308.735,3.8,102.6309,-0.44,13.06
2023-12-08,4.23,308.735,3.8,102.6309,-0.48,12.35
2023-12-11,4.23,308.735,3.8,102.6309,-0.48,12.63
2023-12-12,4.2,308.735,3.8,102.6309,-0.53,12.07
2023-12-13,4.04,308.735,3.8,102.6309,-0.42,12.19
2023-12-14,3.92,308.735,3.8,102.6309,-0.45,12.48
2023-12-15,3.91,308.735,3.8,102.6309,-0.53,12.28
2023-12-18,3.95,308.735,3.8,102.6309,-0.48,12.56
2023-12-19,3.93,308.735,3.8,102.6309,-0.48,12.53
2023-12-20,3.86,308.735,3.8,102.6309,-0.48,13.67
2023-12-21,3.89,308.735,3.8,102.6309,-0.44,13.65
2023-12-22,3.9,308.735,3.8,102.6309,-0.41,13.03
2023-12-25,3.9,308.735,3.8,102.6309,-0.41,13.03
2023-12-26,3.89,308.735,3.8,102.6309,-0.37,12.99
2023-12-27,3.79,308.735,3.8,102.6309,-0.41,12.43
2023-12-28,3.84,308.735,3.8,102.6309,-0.42,12.47
2023-12-29,3.88,308.735,3.8,102.6309,-0.35,12.45
2024-01-01,3.88,309.794,3.7,101.483,-0.35,12.45
2024-01-02,3.95,309.794,3.7,101.483,-0.38,13.2
2024-01-03,3.91,309.794,3.7,101.483,-0.42,14.04
2024-01-04,3.99,309.794,3.7,101.483,-0.39,14.13
2024-01-05,4.05,309.794,3.7,101.483,-0.35,13.35
2024-01-08,4.01,309.794,3.7,101.483,-0.35,13.08
2024-01-09,4.02,309.794,3.7,101.483,-0.34,12.76
2024-01-10,4.04,309.794,3.7,101.483,-0.33,12.69
2024-01-11,3.98,309.794,3.7,101.483,-0.28,12.44
2024-01-12,3.96,309.794,3.7,101.483,-0.18,12.7
2024-01-15,3.96,309.794,3.7,101.483,-0.18,13.25
2024-01-16,4.07,309.794,3.7,101.483,-0.15,13.84
2024-01-17,4.1,309.794,3.7,101.483,-0.24,14.79
2024-01-18,4.14,309.794,3.7,101.483,-0.2,14.13
2024-01-19,4.15,309.794,3.7,101.483,-0.24,13.3
2024-01-22,4.11,309.794,3.7,101.483,-0.26,13.19
2024-01-23,4.14,309.794,3.7,101.483,-0.17,12.55
2024-01-24,4.18,309.794,3.7,101.483,-0.16,13.14
2024-01-25,4.14,309.794,3.7,101.483,-0.14,13.45
2024-01-26,4.15,309.794,3.7,101.483,-0.19,13.26
2024-01-29,4.08,309.794,3.7,101.483,-0.21,13.6
2024-01-30,4.06,309.794,3.7,101.483,-0.3,13.31
2024-01-31,3.99,309.794,3.7,101.483,-0.28,14.35
2024-02-01,3.87,311.022,3.9,102.7267,-0.33,13.88
2024-02-02,4.03,311.022,3.9,102.7267,-0.33,13.85
2024-02-05,4.17,311.022,3.9,102.7267,-0.29,13.67
2024-02-06,4.09,311.022,3.9,102.7267,-0.3,13.06
2024-02-07,4.09,311.022,3.9,102.7267,-0.32,12.83
2024-02-08,4.15,311.022,3.9,102.7267,-0.31,12.79
2024-02-09,4.17,311.022,3.9,102.7267,-0.31,12.93
2024-02-12,4.17,311.022,3.9,102.7267,-0.29,13.93
2024-02-13,4.31,311.022,3.9,102.7267,-0.33,15.85
2024-02-14,4.27,311.022,3.9,102.7267,-0.29,14.38
2024-02-15,4.24,311.022,3.9,102.7267,-0.32,14.01
2024-02-16,4.3,311.022,3.9,102.7267,-0.34,14.24
2024-02-19,4.3,311.022,3.9,102.7267,-0.34,14.71
2024-02-20,4.27,311.022,3.9,102.7267,-0.32,15.42
2024-02-21,4.32,311.022,3.9,102.7267,-0.32,15.34
2024-02-22,4.33,311.022,3.9,102.7267,-0.36,14.54
2024-02-23,4.26,311.022,3.9,102.7267,-0.41,13.75
2024-02-26,4.28,311.022,3.9,102.7267,-0.41,13.74
2024-02-27,4.31,311.022,3.9,102.7267,-0.39,13.43
2024-02-28,4.27,311.022,3.9,102.7267,-0.37,13.84
2024-02-29,4.25,311.022,3.9,102.7267,-0.39,13.4
2024-03-01,4.19,312.107,3.9,102.5186,-0.35,13.11
2024-03-04,4.22,312.107,3.9,102.5186,-0.39,13.49
2024-03-05,4.13,312.107,3.9,102.5186,-0.41,14.46
2024-03-06,4.11,312.107,3.9,102.5186,-0.44,14.5
2024-03-07,4.09,312.107,3.9,102.5186,-0.41,14.44
2024-03-08,4.09,312.107,3.9,102.5186,-0.39,14.74
2024-03-11,4.1,312.107,3.9,102.5186,-0.41,15.22
2024-03-12,4.16,312.107,3.9,102.5186,-0.42,13.84
2024-03-13,4.19,312.107,3.9,102.5186,-0.42,13.75
2024-03-14,4.29,312.107,3.9,102.5186,-0.39,14.4
2024-03-15,4.31,312.107,3.9,102.5186,-0.41,14.41
2024-03-18,4.34,312.107,3.9,102.5186,-0.39,14.33
2024-03-19,4.3,312.107,3.9,102.5186,-0.38,13.82
2024-03-20,4.27,312.107,3.9,102.5186,-0.32,13.04
2024-03-21,4.27,312.107,3.9,102.5186,-0.35,12.92
2024-03-22,4.22,312.107,3.9,102.5186,-0.37,13.06
2024-03-25,4.25,312.107,3.9,102.5186,-0.29,13.19
2024-03-26,4.24,312.107,3.9,102.5186,-0.32,13.24
2024-03-27,4.2,312.107,3.9,102.5186,-0.34,12.78
2024-03-28,4.2,312.107,3.9,102.5186,-0.39,13.01
2024-03-29,4.2,312.107,3.9,102.5186,-0.39,13.01
2024-04-01,4.33,313.016,3.9,102.3568,-0.39,13.65
2024-04-02,4.36,313.016,3.9,102.3568,-0.34,14.61
2024-04-03,4.36,313.016,3.9,102.3568,-0.32,14.33
2024-04-04,4.31,313.016,3.9,102.3568,-0.34,16.35
2024-04-05,4.39,313.016,3.9,102.3568,-0.34,16.03
2024-04-08,4.42,313.016,3.9,102.3568,-0.36,15.19
2024-04-09,4.36,313.016,3.9,102.3568,-0.38,14.98
2024-04-10,4.55,313.016,3.9,102.3568,-0.42,15.8
2024-04-11,4.56,313.016,3.9,102.3568,-0.37,14.91
2024-04-12,4.5,313.016,3.9,102.3568,-0.38,17.31
2024-04-15,4.63,313.016,3.9,102.3568,-0.3,19.23
2024-04-16,4.67,313.016,3.9,102.3568,-0.3,18.4
2024-04-17,4.59,313.016,3.9,102.3568,-0.34,18.21
2024-04-18,4.64,313.016,3.9,102.3568,-0.34,18.0
2024-04-19,4.62,313.016,3.9,102.3568,-0.35,18.71
2024-04-22,4.62,313.016,3.9,102.3568,-0.35,16.94
2024-04-23,4.61,313.016,3.9,102.3568,-0.25,15.69
2024-04-24,4.65,313.016,3.9,102.3568,-0.24,15.97
2024-04-25,4.7,313.016,3.9,102.3568,-0.26,15.37
2024-04-26,4.67,313.016,3.9,102.3568,-0.29,15.03
2024-04-29,4.63,313.016,3.9,102.3568,-0.34,14.67
2024-04-30,4.69,313.016,3.9,102.3568,-0.35,15.65
2024-05-01,4.63,313.14,4.0,102.9797,-0.33,15.39
2024-05-02,4.58,313.14,4.0,102.9797,-0.29,14.68
2024-05-03,4.5,313.14,4.0,102.9797,-0.31,13.49
2024-05-06,4.49,313.14,4.0,102.9797,-0.33,13.49
2024-05-07,4.47,313.14,4.0,102.9797,-0.35,13.23
2024-05-08,4.48,313.14,4.0,102.9797,-0.36,13.0
2024-05-09,4.45,313.14,4.0,102.9797,-0.35,12.69
2024-05-10,4.5,313.14,4.0,102.9797,-0.37,12.55
2024-05-13,4.48,313.14,4.0,102.9797,-0.37,13.6
2024-05-14,4.45,313.14,4.0,102.9797,-0.36,13.42
2024-05-15,4.36,313.14,4.0,102.9797,-0.37,12.45
2024-05-16,4.38,313.14,4.0,102.9797,-0.4,12.42
2024-05-17,4.42,313.14,4.0,102.9797,-0.41,11.99
2024-05-20,4.44,313.14,4.0,102.9797,-0.38,12.15
2024-05-21,4.41,313.14,4.0,102.9797,-0.41,11.86
2024-05-22,4.43,313.14,4.0,102.9797,-0.43,12.29
2024-05-23,4.47,313.14,4.0,102.9797,-0.44,12.77
2024-05-24,4.46,313.14,4.0,102.9797,-0.47,11.93
2024-05-27,4.46,313.14,4.0,102.9797,-0.47,12.36
2024-05-28,4.54,313.14,4.0,102.9797,-0.4,12.92
2024-05-29,4.61,313.14,4.0,102.9797,-0.35,14.28
2024-05-30,4.55,313.14,4.0,102.9797,-0.37,14.47
2024-05-31,4.51,313.14,4.0,102.9797,-0.38,12.92
2024-06-01,4.51,313.131,4.1,103.2534,-0.38,12.92
2024-06-03,4.41,313.131,4.1,103.2534,-0.41,13.11
2024-06-04,4.33,313.131,4.1,103.2534,-0.44,13.16
2024-06-05,4.29,313.131,4.1,103.2534,-0.43,12.63
2024-06-06,4.28,313.131,4.1,103.2534,-0.44,12.58
2024-06-07,4.43,313.131,4.1,103.2534,-0.44,12.22
2024-06-10,4.47,313.131,4.1,103.2534,-0.4,12.74
2024-06-11,4.39,313.131,4.1,103.2534,-0.42,12.85
2024-06-12,4.31,313.131,4.1,103.2534,-0.44,12.04
2024-06-13,4.24,313.131,4.1,103.2534,-0.44,11.94
2024-06-14,4.2,313.131,4.1,103.2534,-0.47,12.66
2024-06-17,4.28,313.131,4.1,103.2534,-0.47,12.75
2024-06-18,4.22,313.131,4.1,103.2534,-0.47,12.3
2024-06-19,4.22,313.131,4.1,103.2534,-0.47,12.48
2024-06-20,4.25,313.131,4.1,103.2534,-0.45,13.28
2024-06-21,4.25,313.131,4.1,103.2534,-0.45,13.2
2024-06-24,4.25,313.131,4.1,103.2534,-0.46,13.33
2024-06-25,4.23,313.131,4.1,103.2534,-0.42,12.84
2024-06-26,4.32,313.131,4.1,103.2534,-0.39,12.55
2024-06-27,4.29,313.131,4.1,103.2534,-0.41,12.24
2024-06-28,4.36,313.131,4.1,103.2534,-0.35,12.44
2024-07-01,4.48,313.566,4.2,102.5192,-0.29,12.22
2024-07-02,4.43,313.566,4.2,102.5192,-0.31,12.03
2024-07-03,4.36,313.566,4.2,102.5192,-0.35,12.09
2024-07-04,4.36,313.566,4.2,102.5192,-0.35,12.26
2024-07-05,4.28,313.566,4.2,102.5192,-0.32,12.48
2024-07-08,4.28,313.566,4.2,102.5192,-0.34,12.37
2024-07-09,4.3,313.566,4.2,102.5192,-0.32,12.51
2024-07-10,4.28,313.566,4.2,102.5192,-0.34,12.85
2024-07-11,4.2,313.566,4.2,102.5192,-0.3,12.92
2024-07-12,4.18,313.566,4.2,102.5192,-0.27,12.46
2024-07-15,4.23,313.566,4.2,102.5192,-0.21,13.12
2024-07-16,4.17,313.566,4.2,102.5192,-0.26,13.19
2024-07-17,4.16,313.566,4.2,102.5192,-0.26,14.48
2024-07-18,4.2,313.566,4.2,102.5192,-0.26,15.93
2024-07-19,4.25,313.566,4.2,102.5192,-0.24,16.52
2024-07-22,4.26,313.566,4.2,102.5192,-0.24,14.91
2024-07-23,4.25,313.566,4.2,102.5192,-0.15,14.72
2024-07-24,4.28,313.566,4.2,102.5192,-0.09,18.04
2024-07-25,4.27,313.566,4.2,102.5192,-0.14,18.46
2024-07-26,4.2,313.566,4.2,102.5192,-0.16,16.39
2024-07-29,4.17,313.566,4.2,102.5192,-0.19,16.6
2024-07-30,4.15,313.566,4.2,102.5192,-0.2,17.69
2024-07-31,4.09,313.566,4.2,102.5192,-0.2,16.36
2024-08-01,3.99,314.131,4.2,103.0196,-0.17,18.59
2024-08-02,3.8,314.131,4.2,103.0196,-0.08,23.39
2024-08-05,3.78,314.131,4.2,103.0196,-0.11,38.57
2024-08-06,3.9,314.131,4.2,103.0196,-0.09,27.71
2024-08-07,3.96,314.131,4.2,103.0196,-0.04,27.85
2024-08-08,3.99,314.131,4.2,103.0196,-0.05,23.79
2024-08-09,3.94,314.131,4.2,103.0196,-0.11,20.37
2024-08-12,3.9,314.131,4.2,103.0196,-0.11,20.71
2024-08-13,3.85,314.131,4.2,103.0196,-0.08,18.12
2024-08-14,3.83,314.131,4.2,103.0196,-0.11,16.19
2024-08-15,3.92,314.131,4.2,103.0196,-0.16,15.23
2024-08-16,3.89,314.131,4.2,103.0196,-0.17,14.8
2024-08-19,3.86,314.131,4.2,103.0196,-0.2,14.65
2024-08-20,3.82,314.131,4.2,103.0196,-0.17,15.88
2024-08-21,3.79,314.131,4.2,103.0196,-0.13,16.27
2024-08-22,3.86,314.131,4.2,103.0196,-0.13,17.55
2024-08-23,3.81,314.131,4.2,103.0196,-0.09,15.86
2024-08-26,3.82,314.131,4.2,103.0196,-0.09,16.15
2024-08-27,3.83,314.131,4.2,103.0196,0.0,15.43
2024-08-28,3.84,314.131,4.2,103.0196,0.01,17.11
2024-08-29,3.87,314.131,4.2,103.0196,0.0,15.65
2024-08-30,3.91,314.131,4.2,103.0196,0.0,15.0
2024-09-01,3.91,314.851,4.1,102.5954,0.0,15.0
2024-09-02,3.91,314.851,4.1,102.5954,0.0,15.55
2024-09-03,3.84,314.851,4.1,102.5954,-0.04,20.72
2024-09-04,3.77,314.851,4.1,102.5954,0.01,21.32
2024-09-05,3.73,314.851,4.1,102.5954,-0.02,19.9
2024-09-06,3.72,314.851,4.1,102.5954,0.06,22.38
2024-09-09,3.7,314.851,4.1,102.5954,0.02,19.45
2024-09-10,3.65,314.851,4.1,102.5954,0.06,19.08
2024-09-11,3.65,314.851,4.1,102.5954,0.03,17.69
2024-09-12,3.68,314.851,4.1,102.5954,0.04,17.07
2024-09-13,3.66,314.851,4.1,102.5954,0.09,16.56
2024-09-16,3.63,314.851,4.1,102.5954,0.07,17.14
2024-09-17,3.65,314.851,4.1,102.5954,0.06,17.61
2024-09-18,3.7,314.851,4.1,102.5954,0.09,18.23
2024-09-19,3.73,314.851,4.1,102.5954,0.14,16.33
2024-09-20,3.73,314.851,4.1,102.5954,0.18,16.15
2024-09-23,3.75,314.851,4.1,102.5954,0.18,15.89
2024-09-24,3.74,314.851,4.1,102.5954,0.25,15.39
2024-09-25,3.79,314.851,4.1,102.5954,0.26,15.41
2024-09-26,3.79,314.851,4.1,102.5954,0.19,15.37
2024-09-27,3.75,314.851,4.1,102.5954,0.2,16.96
2024-09-30,3.81,314.851,4.1,102.5954,0.15,16.73
2024-10-01,3.74,315.564,4.1,102.2138,0.13,19.26
2024-10-02,3.79,315.564,4.1,102.2138,0.16,18.9
2024-10-03,3.85,315.564,4.1,102.2138,0.15,20.49
2024-10-04,3.98,315.564,4.1,102.2138,0.05,19.21
2024-10-07,4.03,315.564,4.1,102.2138,0.04,22.64
2024-10-08,4.04,315.564,4.1,102.2138,0.06,21.42
2024-10-09,4.06,315.564,4.1,102.2138,0.07,20.86
2024-10-10,4.09,315.564,4.1,102.2138,0.11,20.93
2024-10-11,4.08,315.564,4.1,102.2138,0.13,20.46
2024-10-14,4.08,315.564,4.1,102.2138,0.13,19.7
2024-10-15,4.03,315.564,4.1,102.2138,0.08,20.64
2024-10-16,4.02,315.564,4.1,102.2138,0.09,19.58
2024-10-17,4.09,315.564,4.1,102.2138,0.13,19.11
2024-10-18,4.08,315.564,4.1,102.2138,0.13,18.03
2024-10-21,4.19,315.564,4.1,102.2138,0.17,18.37
2024-10-22,4.2,315.564,4.1,102.2138,0.17,18.2
2024-10-23,4.24,315.564,4.1,102.2138,0.17,19.24
2024-10-24,4.21,315.564,4.1,102.2138,0.14,19.08
2024-10-25,4.25,315.564,4.1,102.2138,0.14,20.33
2024-10-28,4.28,315.564,4.1,102.2138,0.16,19.8
2024-10-29,4.28,315.564,4.1,102.2138,0.17,19.34
2024-10-30,4.29,315.564,4.1,102.2138,0.14,20.35
2024-10-31,4.28,315.564,4.1,102.2138,0.12,23.16
2024-11-01,4.37,316.449,4.2,101.9503,0.16,21.88
2024-11-04,4.31,316.449,4.2,101.9503,0.14,21.98
2024-11-05,4.26,316.449,4.2,101.9503,0.07,20.49
2024-11-06,4.42,316.449,4.2,101.9503,0.15,16.27
2024-11-07,4.31,316.449,4.2,101.9503,0.1,15.2
2024-11-08,4.3,316.449,4.2,101.9503,0.04,14.94
2024-11-11,4.3,316.449,4.2,101.9503,0.04,14.97
2024-11-12,4.43,316.449,4.2,101.9503,0.09,14.71
2024-11-13,4.44,316.449,4.2,101.9503,0.17,14.02
2024-11-14,4.43,316.449,4.2,101.9503,0.09,14.31
2024-11-15,4.43,316.449,4.2,101.9503,0.12,16.14
2024-11-18,4.42,316.449,4.2,101.9503,0.13,15.58
2024-11-19,4.39,316.449,4.2,101.9503,0.12,16.35
2024-11-20,4.41,316.449,4.2,101.9503,0.1,17.16
2024-11-21,4.43,316.449,4.2,101.9503,0.09,16.87
2024-11-22,4.41,316.449,4.2,101.9503,0.04,15.24
2024-11-25,4.27,316.449,4.2,101.9503,0.06,14.6
2024-11-26,4.3,316.449,4.2,101.9503,0.09,14.1
2024-11-27,4.25,316.449,4.2,101.9503,0.06,14.1
2024-11-28,4.25,316.449,4.2,101.9503,0.06,13.9
2024-11-29,4.18,316.449,4.2,101.9503,0.05,13.51
2024-12-01,4.18,317.603,4.1,103.0447,0.05,13.51
2024-12-02,4.19,317.603,4.1,103.0447,0.02,13.34
2024-12-03,4.23,317.603,4.1,103.0447,0.06,13.3
2024-12-04,4.19,317.603,4.1,103.0447,0.06,13.45
2024-12-05,4.17,317.603,4.1,103.0447,0.02,13.54
2024-12-06,4.15,317.603,4.1,103.0447,0.05,12.77
2024-12-09,4.2,317.603,4.1,103.0447,0.07,14.19
2024-12-10,4.22,317.603,4.1,103.0447,0.07,14.18
2024-12-11,4.26,317.603,4.1,103.0447,0.11,13.58
2024-12-12,4.32,317.603,4.1,103.0447,0.14,13.92
2024-12-13,4.4,317.603,4.1,103.0447,0.15,13.81
2024-12-16,4.39,317.603,4.1,103.0447,0.14,14.69
2024-12-17,4.4,317.603,4.1,103.0447,0.15,15.87
2024-12-18,4.5,317.603,4.1,103.0447,0.15,27.62
2024-12-19,4.57,317.603,4.1,103.0447,0.25,24.09
2024-12-20,4.52,317.603,4.1,103.0447,0.22,18.36
2024-12-23,4.59,317.603,4.1,103.0447,0.29,16.78
2024-12-24,4.59,317.603,4.1,103.0447,0.3,14.27
2024-12-25,4.59,317.603,4.1,103.0447,0.3,14.27
2024-12-26,4.58,317.603,4.1,103.0447,0.28,14.73
2024-12-27,4.62,317.603,4.1,103.0447,0.31,15.95
2024-12-30,4.55,317.603,4.1,103.0447,0.31,17.4
2024-12-31,4.58,317.603,4.1,103.0447,0.33,17.35
2025-01-01,4.58,319.086,4.0,102.8805,0.33,17.35
2025-01-02,4.57,319.086,4.0,102.8805,0.32,17.93
2025-01-03,4.6,319.086,4.0,102.8805,0.32,16.13
2025-01-06,4.62,319.086,4.0,102.8805,0.34,16.04
2025-01-07,4.67,319.086,4.0,102.8805,0.37,17.82
2025-01-08,4.67,319.086,4.0,102.8805,0.39,17.7
2025-01-09,4.68,319.086,4.0,102.8805,0.41,18.07
2025-01-10,4.77,319.086,4.0,102.8805,0.37,19.54
2025-01-13,4.79,319.086,4.0,102.8805,0.39,19.19
2025-01-14,4.78,319.086,4.0,102.8805,0.41,18.71
2025-01-15,4.66,319.086,4.0,102.8805,0.39,16.12
2025-01-16,4.61,319.086,4.0,102.8805,0.38,16.6
2025-01-17,4.61,319.086,4.0,102.8805,0.34,15.97
2025-01-20,4.61,319.086,4.0,102.8805,0.34,15.81
2025-01-21,4.57,319.086,4.0,102.8805,0.28,15.06
2025-01-22,4.6,319.086,4.0,102.8805,0.31,15.1
2025-01-23,4.65,319.086,4.0,102.8805,0.36,15.02
2025-01-24,4.63,319.086,4.0,102.8805,0.36,14.85
2025-01-27,4.53,319.086,4.0,102.8805,0.36,17.9
2025-01-28,4.55,319.086,4.0,102.8805,0.36,16.41
2025-01-29,4.55,319.086,4.0,102.8805,0.34,16.56
2025-01-30,4.52,319.086,4.0,102.8805,0.34,15.84
2025-01-31,4.58,319.086,4.0,102.8805,0.36,16.43
2025-02-01,4.58,319.775,4.1,103.8705,0.36,16.43
2025-02-03,4.54,319.775,4.1,103.8705,0.28,18.62
2025-02-04,4.52,319.775,4.1,103.8705,0.31,17.21
2025-02-05,4.43,319.775,4.1,103.8705,0.26,15.77
2025-02-06,4.45,319.775,4.1,103.8705,0.24,15.5
2025-02-07,4.49,319.775,4.1,103.8705,0.2,16.54
2025-02-10,4.51,319.775,4.1,103.8705,0.23,15.81
2025-02-11,4.54,319.775,4.1,103.8705,0.25,16.02
2025-02-12,4.62,319.775,4.1,103.8705,0.26,15.89
2025-02-13,4.52,319.775,4.1,103.8705,0.21,15.1
2025-02-14,4.47,319.775,4.1,103.8705,0.21,14.77
2025-02-17,4.47,319.775,4.1,103.8705,0.21,15.37
2025-02-18,4.55,319.775,4.1,103.8705,0.26,15.35
2025-02-19,4.53,319.775,4.1,103.8705,0.25,15.27
2025-02-20,4.5,319.775,4.1,103.8705,0.22,15.66
2025-02-21,4.42,319.775,4.1,103.8705,0.23,18.21
2025-02-24,4.4,319.775,4.1,103.8705,0.27,18.98
2025-02-25,4.3,319.775,4.1,103.8705,0.23,19.43
2025-02-26,4.25,319.775,4.1,103.8705,0.2,19.1
2025-02-27,4.29,319.775,4.1,103.8705,0.22,21.13
2025-02-28,4.24,319.775,4.1,103.8705,0.25,19.63
2025-03-01,4.24,319.615,4.2,103.5408,0.25,19.63
2025-03-03,4.16,319.615,4.2,103.5408,0.2,22.78
2025-03-04,4.22,319.615,4.2,103.5408,0.26,23.51
2025-03-05,4.28,319.615,4.2,103.5408,0.29,21.93
2025-03-06,4.29,319.615,4.2,103.5408,0.33,24.87
2025-03-07,4.32,319.615,4.2,103.5408,0.33,23.37
2025-03-10,4.22,319.615,4.2,103.5408,0.33,27.86
2025-03-11,4.28,319.615,4.2,103.5408,0.34,26.92
2025-03-12,4.32,319.615,4.2,103.5408,0.31,24.23
2025-03-13,4.27,319.615,4.2,103.5408,0.33,24.66
2025-03-14,4.31,319.615,4.2,103.5408,0.29,21.77
2025-03-17,4.31,319.615,4.2,103.5408,0.25,20.51
2025-03-18,4.29,319.615,4.2,103.5408,0.25,21.7
2025-03-19,4.25,319.615,4.2,103.5408,0.26,19.9
2025-03-20,4.24,319.615,4.2,103.5408,0.29,19.8
2025-03-21,4.25,319.615,4.2,103.5408,0.31,19.28
2025-03-24,4.34,319.615,4.2,103.5408,0.3,17.48
2025-03-25,4.31,319.615,4.2,103.5408,0.35,17.15
2025-03-26,4.35,319.615,4.2,103.5408,0.37,18.33
2025-03-27,4.38,319.615,4.2,103.5408,0.41,18.69
2025-03-28,4.27,319.615,4.2,103.5408,0.38,21.65
2025-03-31,4.23,319.615,4.2,103.5408,0.34,22.28
2025-04-01,4.17,320.321,4.2,103.6224,0.3,21.77
2025-04-02,4.2,320.321,4.2,103.6224,0.29,21.51
2025-04-03,4.06,320.321,4.2,103.6224,0.35,30.02
2025-04-04,4.01,320.321,4.2,103.6224,0.33,45.31
2025-04-07,4.15,320.321,4.2,103.6224,0.42,46.98
2025-04-08,4.26,320.321,4.2,103.6224,0.55,52.33
2025-04-09,4.34,320.321,4.2,103.6224,0.43,33.62
2025-04-10,4.4,320.321,4.2,103.6224,0.56,40.72
2025-04-11,4.48,320.321,4.2,103.6224,0.52,37.56
2025-04-14,4.38,320.321,4.2,103.6224,0.54,30.89
2025-04-15,4.35,320.321,4.2,103.6224,0.51,30.12
2025-04-16,4.29,320.321,4.2,103.6224,0.52,32.64
2025-04-17,4.34,320.321,4.2,103.6224,0.53,29.65
2025-04-18,4.34,320.321,4.2,103.6224,0.53,29.65
2025-04-21,4.42,320.321,4.2,103.6224,0.67,33.82
2025-04-22,4.41,320.321,4.2,103.6224,0.65,30.57
2025-04-23,4.4,320.321,4.2,103.6224,0.59,28.45
2025-04-24,4.32,320.321,4.2,103.6224,0.55,26.47
2025-04-25,4.29,320.321,4.2,103.6224,0.55,24.84
2025-04-28,4.23,320.321,4.2,103.6224,0.56,25.15
2025-04-29,4.19,320.321,4.2,103.6224,0.54,24.17
2025-04-30,4.17,320.321,4.2,103.6224,0.57,24.7
2025-05-01,4.25,320.58,4.2,103.657,0.55,24.6
2025-05-02,4.33,320.58,4.2,103.657,0.5,22.68
2025-05-05,4.36,320.58,4.2,103.657,0.53,23.64
2025-05-06,4.3,320.58,4.2,103.657,0.52,24.76
2025-05-07,4.26,320.58,4.2,103.657,0.48,23.55
2025-05-08,4.37,320.58,4.2,103.657,0.47,22.48
2025-05-09,4.37,320.58,4.2,103.657,0.49,21.9
2025-05-12,4.45,320.58,4.2,103.657,0.47,18.39
2025-05-13,4.49,320.58,4.2,103.657,0.47,18.22
2025-05-14,4.53,320.58,4.2,103.657,0.48,18.62
2025-05-15,4.45,320.58,4.2,103.657,0.49,17.83
2025-05-16,4.43,320.58,4.2,103.657,0.45,17.24
2025-05-19,4.46,320.58,4.2,103.657,0.49,18.14
2025-05-20,4.48,320.58,4.2,103.657,0.51,18.09
2025-05-21,4.58,320.58,4.2,103.657,0.58,20.87
2025-05-22,4.54,320.58,4.2,103.657,0.54,20.28
2025-05-23,4.51,320.58,4.2,103.657,0.51,22.29
2025-05-26,4.51,320.58,4.2,103.657,0.51,20.57
2025-05-27,4.43,320.58,4.2,103.657,0.51,18.96
2025-05-28,4.47,320.58,4.2,103.657,0.51,19.31
2025-05-29,4.43,320.58,4.2,103.657,0.51,19.18
2025-05-30,4.41,320.58,4.2,103.657,0.52,18.57
2025-06-01,4.41,321.5,4.1,104.2115,0.52,18.57
2025-06-02,4.46,321.5,4.1,104.2115,0.52,18.36
2025-06-03,4.46,321.5,4.1,104.2115,0.5,17.69
2025-06-04,4.37,321.5,4.1,104.2115,0.5,17.61
2025-06-05,4.4,321.5,4.1,104.2115,0.48,18.48
2025-06-06,4.51,321.5,4.1,104.2115,0.47,16.77
2025-06-09,4.49,321.5,4.1,104.2115,0.48,17.16
2025-06-10,4.47,321.5,4.1,104.2115,0.46,16.95
2025-06-11,4.41,321.5,4.1,104.2115,0.47,17.26
2025-06-12,4.36,321.5,4.1,104.2115,0.46,18.02
2025-06-13,4.41,321.5,4.1,104.2115,0.45,20.82
2025-06-16,4.46,321.5,4.1,104.2115,0.49,19.11
2025-06-17,4.39,321.5,4.1,104.2115,0.45,21.6
2025-06-18,4.38,321.5,4.1,104.2115,0.44,20.14
2025-06-19,4.38,321.5,4.1,104.2115,0.44,22.17
2025-06-20,4.38,321.5,4.1,104.2115,0.48,20.62
2025-06-23,4.34,321.5,4.1,104.2115,0.5,19.83
2025-06-24,4.3,321.5,4.1,104.2115,0.55,17.48
2025-06-25,4.29,321.5,4.1,104.2115,0.55,16.76
2025-06-26,4.26,321.5,4.1,104.2115,0.56,16.59
2025-06-27,4.29,321.5,4.1,104.2115,0.56,16.32
2025-06-30,4.24,321.5,4.1,104.2115,0.52,16.73
2025-07-01,4.26,322.132,4.2,103.8194,0.48,16.83
2025-07-02,4.3,322.132,4.2,103.8194,0.52,16.64
2025-07-03,4.35,322.132,4.2,103.8194,0.47,16.38
2025-07-04,4.35,322.132,4.2,103.8194,0.47,17.48
2025-07-07,4.4,322.132,4.2,103.8194,0.5,17.79
2025-07-08,4.42,322.132,4.2,103.8194,0.52,16.81
2025-07-09,4.34,322.132,4.2,103.8194,0.48,15.94
2025-07-10,4.35,322.132,4.2,103.8194,0.49,15.78
2025-07-11,4.43,322.132,4.2,103.8194,0.53,16.4
2025-07-14,4.43,322.132,4.2,103.8194,0.53,17.2
2025-07-15,4.5,322.132,4.2,103.8194,0.55,17.38
2025-07-16,4.46,322.132,4.2,103.8194,0.58,17.16
2025-07-17,4.47,322.132,4.2,103.8194,0.56,16.52
2025-07-18,4.44,322.132,4.2,103.8194,0.56,16.41
2025-07-21,4.38,322.132,4.2,103.8194,0.53,16.65
2025-07-22,4.35,322.132,4.2,103.8194,0.52,16.5
2025-07-23,4.4,322.132,4.2,103.8194,0.52,15.37
2025-07-24,4.43,322.132,4.2,103.8194,0.52,15.39
2025-07-25,4.4,322.132,4.2,103.8194,0.49,14.93
2025-07-28,4.42,322.132,4.2,103.8194,0.51,15.03
2025-07-29,4.34,322.132,4.2,103.8194,0.48,15.98
2025-07-30,4.38,322.132,4.2,103.8194,0.44,15.48
2025-07-31,4.37,322.132,4.2,103.8194,0.43,16.72
2025-08-01,4.23,323.364,4.3,103.9203,0.54,20.38
2025-08-04,4.22,323.364,4.3,103.9203,0.53,17.52
2025-08-05,4.22,323.364,4.3,103.9203,0.5,17.85
2025-08-06,4.22,323.364,4.3,103.9203,0.53,16.77
2025-08-07,4.23,323.364,4.3,103.9203,0.51,16.57
2025-08-08,4.27,323.364,4.3,103.9203,0.51,15.15
2025-08-11,4.27,323.364,4.3,103.9203,0.51,16.25
2025-08-12,4.29,323.364,4.3,103.9203,0.57,14.73
2025-08-13,4.24,323.364,4.3,103.9203,0.57,14.49
2025-08-14,4.29,323.364,4.3,103.9203,0.55,14.83
2025-08-15,4.33,323.364,4.3,103.9203,0.58,15.09
2025-08-18,4.34,323.364,4.3,103.9203,0.57,14.99
2025-08-19,4.3,323.364,4.3,103.9203,0.55,15.57
2025-08-20,4.29,323.364,4.3,103.9203,0.55,15.69
2025-08-21,4.33,323.364,4.3,103.9203,0.54,16.6
2025-08-22,4.26,323.364,4.3,103.9203,0.58,14.22
2025-08-25,4.28,323.364,4.3,103.9203,0.55,14.79
2025-08-26,4.26,323.364,4.3,103.9203,0.65,14.62
2025-08-27,4.24,323.364,4.3,103.9203,0.65,14.85
2025-08-28,4.22,323.364,4.3,103.9203,0.6,14.43
2025-08-29,4.23,323.364,4.3,103.9203,0.64,15.36
2025-09-01,4.23,324.368,4.3,103.9203,0.64,16.12
2025-09-02,4.28,324.368,4.3,103.9203,0.62,17.17
2025-09-03,4.22,324.368,4.3,103.9203,0.61,16.35
2025-09-04,4.17,324.368,4.3,103.9203,0.58,15.3
2025-09-05,4.1,324.368,4.3,103.9203,0.59,15.18
2025-09-08,4.05,324.368,4.3,103.9203,0.56,15.11
2025-09-09,4.08,324.368,4.3,103.9203,0.54,15.04
2025-09-10,4.04,324.368,4.3,103.9203,0.5,15.35
2025-09-11,4.01,324.368,4.3,103.9203,0.49,14.71
2025-09-12,4.06,324.368,4.3,103.9203,0.5,14.76
2025-09-15,4.05,324.368,4.3,103.9203,0.51,15.69
2025-09-16,4.04,324.368,4.3,103.9203,0.53,16.36
2025-09-17,4.06,324.368,4.3,103.9203,0.54,15.72
2025-09-18,4.11,324.368,4.3,103.9203,0.54,15.7
2025-09-19,4.14,324.368,4.3,103.9203,0.57,15.45
2025-09-22,4.15,324.368,4.3,103.9203,0.54,16.1
2025-09-23,4.12,324.368,4.3,103.9203,0.59,16.64
2025-09-24,4.16,324.368,4.3,103.9203,0.59,16.18
2025-09-25,4.18,324.368,4.3,103.9203,0.54,16.74
2025-09-26,4.2,324.368,4.3,103.9203,0.57,15.29
2025-09-29,4.15,324.368,4.3,103.9203,0.52,16.12
2025-09-30,4.16,324.368,4.3,103.9203,0.56,16.28
2025-10-01,4.12,324.368,4.3,103.9203,0.57,16.29
2025-10-02,4.1,324.368,4.3,103.9203,0.55,16.63
2025-10-03,4.13,324.368,4.3,103.9203,0.55,16.65
2025-10-06,4.18,324.368,4.3,103.9203,0.58,16.37
2025-10-07,4.14,324.368,4.3,103.9203,0.57,17.24
2025-10-08,4.13,324.368,4.3,103.9203,0.55,16.3
2025-10-09,4.14,324.368,4.3,103.9203,0.54,16.43
2025-10-10,4.05,324.368,4.3,103.9203,0.53,21.66
2025-10-13,4.05,324.368,4.3,103.9203,0.53,19.03
2025-10-14,4.03,324.368,4.3,103.9203,0.55,20.81
2025-10-15,4.05,324.368,4.3,103.9203,0.55,20.64
2025-10-16,3.99,324.368,4.3,103.9203,0.58,25.31
2025-10-17,4.02,324.368,4.3,103.9203,0.56,20.78
2025-10-20,4.0,324.368,4.3,103.9203,0.54,18.23
2025-10-21,3.98,324.368,4.3,103.9203,0.53,17.87
2025-10-22,3.97,324.368,4.3,103.9203,0.52,18.6
2025-10-23,4.01,324.368,4.3,103.9203,0.53,17.3
2025-10-24,4.02,324.368,4.3,103.9203,0.54,16.37
2025-10-27,4.01,324.368,4.3,103.9203,0.53,15.79
2025-10-28,3.99,324.368,4.3,103.9203,0.52,16.42
2025-10-29,4.08,324.368,4.3,103.9203,0.49,16.92
2025-10-30,4.11,324.368,4.3,103.9203,0.5,16.91
2025-10-31,4.11,324.368,4.3,103.9203,0.51,17.44
2025-11-03,4.13,324.368,4.3,103.9203,0.53,17.17
2025-11-04,4.1,324.368,4.3,103.9203,0.52,19.0
2025-11-05,4.17,324.368,4.3,103.9203,0.54,18.01
2025-11-06,4.11,324.368,4.3,103.9203,0.54,19.5
2025-11-07,4.11,324.368,4.3,103.9203,0.56,19.08
2025-11-10,4.11,324.368,4.3,103.9203,0.55,17.6
